index,plasma_current
0,-32.13571246949289
1,-31.413566713758108
2,-32.11785232334861
3,-32.50524620360011
4,-32.32103025914066
5,-32.113782174429026
6,-33.080358015078026
7,-31.800929958367895
8,-31.976410771895168
9,-32.05310842912438
10,-31.833909947612888
11,-31.428291161005887
12,-31.27209452666297
13,-32.107954794528666
14,-30.73346725843986
15,-31.40270568337678
16,-32.30344435512588
17,-31.10042930445693
18,-32.79633431053095
19,-32.30452552402855
20,-32.84060716436638
21,-30.718491619798872
22,-32.93918258494392
23,-31.80525581954826
24,-31.018583695610598
25,-32.339961241834786
26,-32.24965205824289
27,-31.374446332407366
28,-31.763652121772168
29,-30.892818605951035
30,-31.554634700306735
31,-32.71081731482312
32,-32.719186465755875
33,-32.240107183861184
34,-31.767971800071017
35,-30.53178612146332
36,-31.22677284375778
37,-32.327526655642245
38,-31.019909089758777
39,-32.15683632218663
40,-32.48501234560341
41,-31.26078330873579
42,-32.144420265862784
43,-31.65398603901894
44,-32.68707847685108
45,-31.832993302629866
46,-31.38795512135489
47,-30.51712160553374
48,-31.907245678678102
49,-32.27262255421489
50,-30.90340368124087
51,-31.97291786338517
52,-31.543606837073728
53,-31.408026667367483
54,-31.74163345504353
55,-32.206453407162435
56,-31.88997713120432
57,-31.237357919047632
58,-31.994842401533038
59,-31.58922361492603
60,-31.69963498017221
61,-30.85542023438956
62,-31.65939306910199
63,-30.958910945059717
64,-31.21801007039224
65,-32.502487439827576
66,-31.04216327686556
67,-32.135848131191
68,-31.80947544637486
69,-30.938641930553715
70,-31.43502192322316
71,-31.631623288364736
72,-31.492024281666303
73,-31.68862564680788
74,-31.57271887981389
75,-31.47960822534246
76,-31.97107292791931
77,-31.203656186070162
78,-32.67186850024544
79,-31.62245649975544
80,-31.31844257800711
81,-30.888653119218983
82,-32.405206777756504
83,-31.57671918693742
84,-32.159767611978936
85,-31.5712237851896
86,-31.81759340591442
87,-31.44887479609625
88,-31.728061671737635
89,-31.00993475299505
90,-31.935740550025685
91,-31.252242795312963
92,-32.69032321492725
93,-31.38089373993047
94,-31.42660041710684
95,-32.357297267603364
96,-31.253201721437513
97,-32.480816223229624
98,-32.10917108307744
99,-30.9752443176818
100,-32.02735610987281
101,-31.62173732326582
102,-31.43237006098412
103,-32.88833130302836
104,-31.89724070627269
105,-31.36588746564781
106,-33.358231690540755
107,-32.15778832796193
108,-31.75216954135491
109,-31.164104147042288
110,-32.31247254704356
111,-31.91958326504426
112,-32.36127971203785
113,-31.55696279339987
114,-32.13551394897251
115,-31.27162580047763
116,-31.468227165619204
117,-31.905904775620602
118,-32.07010323344225
119,-31.763403951338336
120,-31.94325697487999
121,-32.10797090686829
122,-32.815171659603806
123,-33.05561709963876
124,-31.91474643613856
125,-30.503712096283095
126,-32.018112087354226
127,-30.607202806953268
128,-32.18187062847828
129,-30.62587807738659
130,-31.516813774862015
131,-32.54398203200428
132,-32.07184664821412
133,-31.167424483830544
134,-29.112243557069885
135,-31.789746817233418
136,-32.195021519914846
137,-33.018013708986174
138,-31.85991627140937
139,-32.18260546359102
140,-32.26054133227376
141,-33.160861983399144
142,-32.23045723772111
143,-31.800667778932958
144,-31.365432571931645
145,-32.218041181397254
146,-31.788251722609115
147,-31.738985143031044
148,-31.346095861031753
149,-32.88386350576796
150,-31.888754072020074
151,-32.72992151391224
152,-32.28195680230323
153,-32.14637663259701
154,-32.13945597802096
155,-33.73242264259966
156,-32.71314253667063
157,-32.40205965736328
158,-32.17823343010858
159,-32.2001111934569
160,-31.794492406849876
161,-33.303977107828395
162,-31.186776853353486
163,-33.262059961768436
164,-33.12905148015235
165,-32.46355189316212
166,-31.93184527951505
167,-31.272936217607185
168,-32.578338285099065
169,-31.83323922329581
170,-33.57891248495305
171,-32.208797158878625
172,-32.7138878191636
173,-31.995760900421036
174,-33.13886063730754
175,-32.75034356532261
176,-32.46205679853783
177,-31.965096694213162
178,-33.44073133896964
179,-32.975541322505755
180,-33.63041204953518
181,-32.61381730396176
182,-31.3229480796782
183,-31.772839720120672
184,-31.902924488079094
185,-32.46180224093948
186,-33.24297896312932
187,-32.38054788150386
188,-32.2409488748054
189,-34.128124828466014
190,-33.66000828166804
191,-33.316408822775315
192,-33.51348862039359
193,-31.568668365709456
194,-32.13645263974314
195,-32.62139146483915
196,-32.62043607397496
197,-32.85208462377011
198,-31.54446705788663
199,-31.752509590601647
200,-31.997241018026706
201,-32.41640498613893
202,-31.95699910695647
203,-32.051341558886
204,-33.59126287108863
205,-33.51782561932943
206,-32.22785284814629
207,-31.574867966928274
208,-32.626206896251695
209,-31.712903865195763
210,-32.84983109762363
211,-33.44513059479619
212,-31.509695293762015
213,-33.65898197754283
214,-33.23536502321334
215,-31.67278194703929
216,-33.044345769470404
217,-32.21801184611771
218,-31.118831590044472
219,-32.73730240344096
220,-33.56172150373322
221,-31.186315683864837
222,-32.37110582817828
223,-27.93229743155748
224,-18.935444933188784
225,-14.719085467273139
226,-9.30743462378069
227,-4.007217990563529
228,3.2808281396739076
229,8.726452629621175
230,11.95462331636494
231,15.715638481504968
232,22.099358909001495
233,26.385160033212593
234,27.724491160165393
235,31.561053033894645
236,34.04047314929701
237,39.719400752610944
238,42.218908618322146
239,43.73874748434967
240,45.764040665089134
241,49.45016695449884
242,50.24315490860711
243,52.31229216423991
244,53.25665323879015
245,53.96056574569095
246,57.486619634232284
247,59.3788796206054
248,61.527204982016
249,61.80631768650612
250,60.51602833942466
251,59.06818175277355
252,60.02396754172159
253,61.34208321325404
254,61.52740526740058
255,64.49517651367101
256,72.94561926043885
257,79.36824134901349
258,86.85858760669299
259,95.77951398024285
260,119.03674371561449
261,152.35767605340214
262,147.53349879811265
263,137.2212783590176
264,136.1137130674257
265,131.45416434495024
266,121.44255006382727
267,113.18275059112975
268,105.96949008832115
269,97.6747274074026
270,90.38642428298242
271,89.6641120446051
272,87.57138546321494
273,81.97273077838054
274,80.08426795690735
275,77.02099739104565
276,74.39787442911657
277,71.65578529539741
278,72.10147899424744
279,71.29320653876414
280,68.1046400116425
281,67.6832724849362
282,65.6298827910032
283,64.42238051059977
284,62.34583050430456
285,62.419267756063746
286,61.29357187835225
287,60.037253862441794
288,58.72969959670522
289,58.852905104047636
290,59.007166082774084
291,60.39840196046281
292,59.18798407709886
293,59.784271788582984
294,59.76007787287336
295,59.55151986599169
296,59.1216564705054
297,60.937693619826504
298,61.949226809134956
299,62.937745717800496
300,63.15578780777375
301,63.03404894721959
302,63.48201365882862
303,64.13835103264636
304,65.09561869690268
305,65.09016468911489
306,64.36183346679778
307,66.64601040644537
308,65.8250482946077
309,67.71801408040706
310,66.00586628893244
311,67.80772678474379
312,68.41495142055334
313,67.11137218954826
314,67.76285892087493
315,68.02890059685734
316,69.28833033889732
317,70.70913749737804
318,68.79591578404317
319,70.36865667673479
320,70.85014685852651
321,70.67848902843367
322,71.0353484500547
323,71.04956784497915
324,73.01033342274715
325,73.78153562415184
326,73.56344894718472
327,74.38522242268871
328,74.16222045562898
329,75.79745910851157
330,75.5723034739854
331,77.89671999913077
332,76.87789764939274
333,79.178143502357
334,79.49342986184362
335,80.3847045009958
336,82.22346517359597
337,82.68719812319048
338,83.44579441022027
339,84.59566649869979
340,86.61249018180219
341,85.63122205720639
342,86.34934897594897
343,87.06589376836764
344,88.65213188628583
345,90.49783645699056
346,92.17116102790446
347,92.65229636745228
348,91.54031267007316
349,92.76412368631706
350,94.97717064878863
351,95.96568955745417
352,97.99666965638527
353,97.81548315620698
354,98.65039901469359
355,99.70800620863241
356,101.3476817191309
357,102.85053130803321
358,102.52527042776144
359,103.68256484682219
360,105.04338128560055
361,106.00737614906278
362,106.08775729892649
363,107.50779159453957
364,109.30708040226081
365,109.83732994903845
366,112.8064361411672
367,112.93763271367003
368,113.84240972029754
369,114.10879315463305
370,116.58388619962334
371,117.43889495066757
372,119.44182936833923
373,118.32174391209564
374,121.6968469766038
375,122.52318089995651
376,122.67213470465646
377,124.32939036225373
378,124.58149953326615
379,126.7679017452798
380,128.2667324971899
381,129.04329816495934
382,127.78620728618131
383,130.9852360999458
384,130.26127708764307
385,133.75323373949675
386,133.30715369529972
387,134.18746559935516
388,134.48409827354425
389,135.8340617644297
390,137.19487820320808
391,137.76670081212012
392,141.21631153897184
393,141.46665204041017
394,142.37885137761887
395,143.37396081136677
396,144.90938350664584
397,145.29917752847598
398,147.09858992643
399,147.6186816566901
400,148.66984903950203
401,149.96059467355278
402,149.71422505282794
403,150.439650711919
404,152.9010726595988
405,154.85629503561063
406,154.83904501800555
407,154.9456528977035
408,155.85123292284706
409,157.18403005150893
410,156.6590957894549
411,158.97078280999256
412,159.38745586621755
413,161.41442428194674
414,161.81747138046362
415,163.1103706819808
416,162.4284027524362
417,164.47595410786877
418,165.49729027145085
419,167.64277346968348
420,167.74938134938142
421,168.65415835600894
422,169.81225579358573
423,169.13321439437516
424,172.86859089309112
425,172.23171833378413
426,172.52835100797319
427,175.1036743581636
428,175.76168696697107
429,175.31256818939625
430,175.41917606909422
431,178.2665666441973
432,179.45860757258046
433,182.13285042727395
434,180.30828590606976
435,180.90469720778668
436,182.3912481005829
437,183.54854251964366
438,184.25737055109022
439,184.60868677095507
440,186.6238722607577
441,186.9505997878178
442,187.71759850904317
443,188.66886386789773
444,190.6319004584247
445,191.87386035634648
446,192.47769398864463
447,193.4847299084842
448,193.88125112952025
449,196.17172416385924
450,196.03323696170517
451,197.5614782619284
452,198.8119340286302
453,199.61928968064595
454,200.51587149382465
455,201.51426083092878
456,200.71070234381293
457,203.1985248934109
458,203.5511243080613
459,205.0875608017333
460,207.70583177371665
461,207.76782785790246
462,208.41400741520263
463,210.03323666012128
464,210.28504515580252
465,211.39257131928
466,211.60301399357368
467,212.76030841263443
468,214.52607175017297
469,213.69512677239985
470,214.7725210413164
471,217.668041678703
472,217.95242328076102
473,217.59346305822265
474,220.11090202821495
475,220.36211300233418
476,220.523441469398
477,224.14095549017117
478,223.53970165666033
479,224.73588501226845
480,227.10756275250844
481,226.21739991790065
482,226.27319237495954
483,227.78031312356842
484,229.44656873692338
485,230.04075010890324
486,232.8410807906368
487,233.05152346493045
488,233.3956533819438
489,235.10926782020667
490,236.1547746559699
491,235.94527358716383
492,239.14441607319375
493,239.44104874738278
494,240.95319722358118
495,241.61612512248124
496,241.54379967526643
497,244.10356958630683
498,244.55457303129361
499,244.45250757345173
500,246.55414669679095
501,245.6639838621831
502,247.88578663187252
503,248.31557609066067
504,250.06236115686232
505,250.32361925379502
506,251.04904491288602
507,251.93337565393364
508,253.05276100560837
509,253.94159268915195
510,255.421198214622
511,256.0577255116039
512,256.8013000523729
513,258.7970031838609
514,259.7221278792352
515,259.7299449869116
516,261.15692318062924
517,261.72964224264166
518,263.75626890001774
519,264.3408210135375
520,266.69474152158034
521,267.59874566534023
522,267.3576447077302
523,268.4152519016691
524,270.05024938457314
525,271.4110658233515
526,270.6556373985192
527,272.71159118814745
528,274.1500105494385
529,276.64713198633257
530,277.92127999273885
531,276.7029078514513
532,277.27473046036334
533,279.37080024525665
534,280.134311822379
535,279.1776323905881
536,282.1106414244441
537,282.8194694558906
538,283.68190053751607
539,285.34159915072195
540,287.16852677181487
541,289.0092762041736
542,288.74615824184883
543,291.0702199247503
544,291.24358680637846
545,293.6945091791876
546,292.574423722944
547,295.37475440467756
548,296.3033472412423
549,297.1165336393636
550,297.7395896915385
551,299.332482419419
552,300.2871783955852
553,301.63526532975584
554,302.79005270832795
555,302.50863590294955
556,303.91192185696275
557,305.38172440815913
558,306.90996570838223
559,307.03421838278047
560,308.7322440839962
561,309.95504620964283
562,310.0117351198021
563,311.59517543986783
564,314.20148977011104
565,315.2853236938841
566,316.1517736125018
567,316.0921776698947
568,317.66288848535265
569,318.4737312814715
570,318.71468682925985
571,318.2973117684028
572,320.5848281167593
573,320.98350300526187
574,322.4324982036941
575,322.8878852458844
576,323.43452829201806
577,324.0170503283042
578,324.775646615334
579,323.3606978216551
580,327.58545972176637
581,328.24436878367425
582,328.9130808198558
583,330.0752905290091
584,332.4076981193149
585,332.73442564637486
586,332.3229747662078
587,335.0168910236135
588,335.9429121720881
589,337.94841827784984
590,337.08564193389935
591,339.2339842083011
592,341.5662410846514
593,341.94366044411765
594,342.33940880228613
595,345.3425560950346
596,348.2420955694134
597,347.917731142242
598,348.56004257650534
599,350.01196430527176
600,349.66301118529555
601,351.21158140580604
602,352.62618493715985
603,353.6671945034542
604,355.93000972150907
605,358.41783227110705
606,356.8990486828324
607,359.3868712324304
608,359.44063508147747
609,360.758627162777
610,361.3313462247895
611,361.8366522365184
612,363.89079411703335
613,365.69020651498744
614,364.7886025128062
615,365.1569031020006
616,367.69670083506077
617,368.34573946853004
618,368.72495765321895
619,369.7134765618845
620,371.42322287711056
621,372.1999944169612
622,372.127014921393
623,373.1981193405584
624,374.30564550403585
625,375.81672044203543
626,376.59955204884784
627,378.0790339840851
628,378.9316620914369
629,379.95994215312356
630,382.36157470282615
631,383.2240057844516
632,384.0986827959593
633,384.6841313625795
634,385.0276072312395
635,385.8531381360761
636,389.42883668996785
637,390.3027089391668
638,391.13325258763894
639,392.87351177635975
640,392.7341281211053
641,394.29012067219696
642,396.4634064816475
643,395.8662950753616
644,399.3754770320702
645,399.08711632858734
646,400.47025044741156
647,401.332681529037
648,403.2848005240696
649,404.9153007375049
650,405.8483908435384
651,406.10860177341533
652,407.04735242649764
653,407.7222068114894
654,409.3425622922978
655,410.8487865878063
656,412.5758982512957
657,413.973260024619
658,414.91793485839116
659,414.9248555129672
660,415.7247888344018
661,418.06827706546846
662,417.6997738070942
663,419.5017578931384
664,421.5558997736533
665,423.7540103036382
666,423.0921942092825
667,423.13165781458696
668,425.72575811438924
669,426.52839979803747
670,429.59513715763495
671,429.5113705428468
672,428.5591883805247
673,430.78391768054814
674,431.74170891688345
675,431.76760784279645
676,432.8583856646741
677,434.1418325583764
678,434.7583956952823
679,433.46953472864345
680,434.44005546958647
681,436.1147135171371
682,436.146878382093
683,435.1272831694873
684,437.7559792646567
685,439.19568696298194
686,438.803909485527
687,440.0326357918635
688,439.6951608811507
689,440.3339181078697
690,441.5950473215261
691,441.7280558031422
692,444.15643071311604
693,444.795187939835
694,443.6992731557726
695,444.7893558462749
696,443.96079431875756
697,446.5598099086523
698,447.46381405241226
699,446.76042489592214
700,449.6509644145433
701,448.9596719432017
702,448.6229698953565
703,449.24355186925465
704,451.64068714948826
705,452.026632533383
706,452.4654219479288
707,452.4723426025048
708,453.19776826159585
709,453.72059547779224
710,456.6769721653134
711,456.8081687378161
712,457.46707779972405
713,459.0993899222725
714,458.9802227498085
715,459.96581659736165
716,461.0397224874066
717,463.5395292846562
718,464.20734486773733
719,463.0207428143106
720,466.0104654710761
721,465.75750532526894
722,467.1406394440932
723,468.41320982532307
724,470.50490593098016
725,471.077146560516
726,471.2875892348097
727,471.80949287418304
728,472.85722963968334
729,475.0790324093728
730,474.0500522431172
731,475.28366623363473
732,476.00179315237733
733,476.6607022142852
734,476.1244969837146
735,477.28581023976756
736,478.39423285634547
737,478.9482982330603
738,480.3355152737569
739,480.20361859668515
740,481.2937012871874
741,483.0849859458575
742,481.9996469989363
743,485.80783986255403
744,485.72857051723463
745,485.8192330738487
746,488.4565757517534
747,487.19614546426635
748,488.4457047778678
749,490.504997976205
750,491.05906335291985
751,491.7701213141034
752,492.54893408392365
753,493.33794980986374
754,493.58016257201825
755,493.43425303928285
756,496.35885963894316
757,497.7196760777216
758,500.300757584774
759,499.6192680877061
760,500.98633329321365
761,501.0725000495805
762,502.98111672807283
763,504.09391155466517
764,505.8820336552716
765,506.49230694242624
766,505.55967459258363
767,507.1123872403191
768,508.943446135901
769,510.44397635942755
770,510.7870973858436
771,512.0460729320337
772,512.2459397691861
773,513.1000249434072
774,512.7747640631354
775,513.8384461517196
776,516.0587918545397
777,515.463492357367
778,517.0958044799156
779,518.8926372481375
780,518.6098458831005
781,519.3088709402734
782,521.0055459925386
783,520.9207073087734
784,523.1985442730889
785,524.469476461019
786,524.5301842081706
787,525.5138524743451
788,525.6877498140938
789,528.2581578741915
790,527.8663803967365
791,528.7949732333013
792,532.0679409748303
793,532.0743831969296
794,532.3149207240942
795,532.7606555059663
796,534.2410338943039
797,536.385620639436
798,536.9825103736297
799,537.2974418908723
800,536.8301478604768
801,538.1708124640661
802,537.8878975087964
803,539.2063680225726
804,541.8942819745766
805,540.9376025427856
806,543.5164130370791
807,543.8628139668514
808,543.8258905465342
809,545.0453179655746
810,545.8496348842126
811,547.1078375675348
812,548.0167570013874
813,548.4223757879944
814,547.2799315686831
815,549.6954533838165
816,550.5676874397155
817,551.5672941429323
818,552.2262032048402
819,551.4481022577181
820,552.2574469039456
821,553.2430407514988
822,554.8395673184792
823,555.4283792045165
824,557.9904413572101
825,557.9550160867841
826,559.2457617208348
827,559.319198972594
828,559.3518679245275
829,563.0077090333107
830,561.976157178965
831,562.9824202359367
832,565.9477951354228
833,565.5318469857867
834,566.6817190742663
835,567.3209547334618
836,567.7172746327728
837,571.3347886535461
838,574.1914781159452
839,574.1983987705212
840,573.4003501164987
841,574.3211026018585
842,575.2373207760594
843,575.9294004659059
844,578.1688480302957
845,579.0728521740556
846,578.2916754518658
847,579.9515027975532
848,581.653547335761
849,580.5682083888398
850,583.0494739382888
851,583.6418664030135
852,584.7807084585017
853,585.3403170369727
854,584.271575717696
855,584.6909861599206
856,585.8482805789813
857,587.8578055217353
858,588.8207268469987
859,590.1106996181818
860,589.7196950035946
861,590.6167552492499
862,592.5670623351692
863,594.4526647330185
864,594.787383325239
865,596.6599028454584
866,598.4789886461247
867,597.130556449629
868,599.6766702473128
869,601.5913586074361
870,601.9040601949417
871,603.9980999026014
872,604.7896873166317
873,606.549201887441
874,605.8138017075647
875,606.3856243164768
876,610.9016487376549
877,610.2264490903381
878,611.4802795636461
879,611.8485801528407
880,612.288142430254
881,612.3655985190053
882,613.2103848059305
883,614.9649442383939
884,616.6579422120201
885,618.07592044998
886,617.4564502806264
887,617.2350241949504
888,619.3664945375193
889,618.208081993266
890,621.211934694717
891,620.6166351975446
892,621.81526665101
893,622.5738629380398
894,621.9295680481517
895,624.0852090629019
896,625.8828095517425
897,625.7610706911883
898,627.2007783895137
899,628.2357856504062
900,629.9696724821652
901,630.4969954986087
902,631.5282020906294
903,633.4314492831792
904,636.2752592795948
905,635.655789110241
906,635.9891071623836
907,637.8677656621284
908,638.6881401068939
909,640.2541780370063
910,641.7060997657727
911,642.7097911346544
912,643.1154099212615
913,646.1822250123514
914,647.2770216712212
915,645.934373612007
916,648.9105373745057
917,650.3235027125598
918,648.6385153019801
919,649.5674629807888
920,650.5600007264466
921,652.2259029667792
922,653.531643975948
923,655.5300811241506
924,656.8533433377869
925,657.7749922762471
926,657.7445947334105
927,657.9125678924694
928,659.4734757336537
929,662.6681209502149
930,663.563722659779
931,664.3636559812136
932,664.9354785901257
933,664.66326306223
934,665.7609862514338
935,666.9350290120944
936,669.4430566572939
937,670.6294370386283
938,669.3092601799788
939,670.9223169204388
940,672.348995908047
941,672.5106792173547
942,673.3106125387892
943,676.3017357356325
944,677.055948425459
945,677.0796174216348
946,678.5315391504013
947,678.4098002898471
948,679.4019200148812
949,680.8372441160031
950,682.2148088963814
951,683.4466109777857
952,682.9444728282541
953,684.0104259295972
954,684.6950832888627
955,685.6113014630637
956,685.9460200552841
957,688.8281571397096
958,690.5778012820804
959,689.5947212483711
960,690.9179834620073
961,690.2980952720299
962,690.8405958909386
963,691.3508171927601
964,694.0421617620758
965,693.2320127498775
966,695.2019932385091
967,695.4789525099858
968,696.5247537761401
969,697.4165068477689
970,698.2295876944349
971,698.4897986243118
972,700.1532267863678
973,700.399070018337
974,700.0787244281579
975,701.2146812707871
976,701.1014382790131
977,701.5789930398736
978,703.4296129006708
979,702.6157696375197
980,703.3985365967308
981,702.1877638711229
982,703.4488930847793
983,702.3369093874002
984,703.1473012006835
985,703.8018266653879
986,703.5488665195808
987,703.5506358563346
988,703.263460894094
989,703.4116469781753
990,703.2900317078538
991,704.3848283667236
992,704.1384022192075
993,703.8373120111169
994,703.5456397794076
995,704.8194984976717
996,704.7017784741098
997,705.8639881832631
998,705.7950933533599
999,706.5880827766899
1000,708.5731363719316
1001,707.802334165158
1002,707.5012439570673
1003,708.152730688394
1004,707.7609532109391
1005,707.9246663630273
1006,708.3642286404406
1007,709.6994474958168
1008,710.5596075646833
1009,709.5477291130499
1010,711.0588686986509
1011,711.605865117807
1012,712.7313894490068
1013,711.4826444776331
1014,712.5047836597312
1015,713.2060386466411
1016,714.1927456461934
1017,714.6265539419737
1018,714.1440891951545
1019,715.2978030355277
1020,715.1095475777904
1021,715.1164682323665
1022,715.9587474788032
1023,716.2431290808611
1024,717.324454494924
1025,718.1194725262659
1026,718.2303416477031
1027,717.2490735231072
1028,719.4778216601228
1029,718.1745929955765
1030,719.21071487769
1031,720.3251849392719
1032,719.8248997818757
1033,721.047604297709
1034,722.1219598332478
1035,721.4176742236573
1036,722.7227201014506
1037,722.8539166739534
1038,722.3602220416396
1039,724.4493464592065
1040,725.5617879127767
1041,724.0027647390044
1042,724.3634659125192
1043,725.5379266938036
1044,726.3547319470707
1045,726.1497281477335
1046,727.114076384218
1047,726.4592056571885
1048,726.8366551723034
1049,726.1546872427588
1050,726.7470797074833
1051,727.9457111609489
1052,728.7333934102523
1053,728.1434010871063
1054,727.8916007021222
1055,728.6026586633058
1056,728.8421872998732
1057,728.8107808664394
1058,729.939885776327
1059,731.3223658467978
1060,731.2104299605171
1061,730.7020933261076
1062,731.9003067589495
1063,731.2853338590646
1064,733.3365492092456
1065,733.0817771543252
1066,732.9600382937709
1067,733.1704809680647
1068,733.2439182198237
1069,734.524793425436
1070,733.7368895040402
1071,733.6943952760553
1072,735.2636490246438
1073,734.8886198887889
1074,734.9620571405479
1075,734.6126255880949
1076,735.7074222469648
1077,734.7507428151738
1078,736.2018916810727
1079,737.4289797941094
1080,737.1037189138375
1081,736.8646480334612
1082,736.7433271935306
1083,737.1489459801377
1084,737.2181232249262
1085,737.2915604766855
1086,737.333227640584
1087,738.2130611121627
1088,738.4349449540298
1089,737.9766508793917
1090,739.5473616948497
1091,740.1565025011743
1092,739.5652218409939
1093,739.6386590927531
1094,739.2227109431171
1095,740.9662801908426
1096,740.1378955139706
1097,741.2463181305485
1098,742.2168388714915
1099,741.8659804078176
1100,741.9408445707977
1101,742.0290000869232
1102,742.1970968362148
1103,743.5706879192032
1104,743.5265068415595
1105,745.0803457251848
1106,744.9004927016431
1107,743.9192245770472
1108,744.6202383939788
1109,745.8911705819089
1110,746.5742503159978
1111,747.6866917695679
1112,747.270743619932
1113,746.6921924643592
1114,746.6398952621006
1115,749.1500354917445
1116,749.3230475311286
1117,749.4493288135388
1118,750.0387962171512
1119,749.7381240296843
1120,748.6198504825539
1121,750.130990068155
1122,749.223182438847
1123,750.269107295234
1124,751.9014194177824
1125,751.646647362862
1126,750.5569813455288
1127,750.9380114393309
1128,750.637339251864
1129,752.6665375973303
1130,750.9124619014774
1131,753.712792583211
1132,752.2371579384544
1133,752.107073170496
1134,751.7152956930411
1135,752.3667824243677
1136,752.8868067004629
1137,751.7908919164005
1138,754.9055233105518
1139,754.157393626068
1140,754.164314280644
1141,752.3922404170685
1142,752.4656776688278
1143,752.8687247673447
1144,753.045821472394
1145,755.6050759092676
1146,755.5454799666605
1147,754.694954694841
1148,754.5824500739815
1149,756.3145140692535
1150,754.9833071776126
1151,755.2435181074894
1152,756.308698345965
1153,755.9965849909246
1154,756.8809157319723
1155,756.0330988223665
1156,757.331417500954
1157,756.4412546663461
1158,756.0736478610722
1159,758.0121589371743
1160,756.2003239205777
1161,755.8085464431227
1162,756.6102916736705
1163,756.5576410983897
1164,756.4289568705093
1165,756.4213361113643
1166,755.6519924406819
1167,756.5242264965809
1168,756.5109953159681
1169,756.2724028680683
1170,758.088981628246
1171,757.9098237360796
1172,757.852571395475
1173,756.9501945304261
1174,757.2590412350562
1175,757.2099037842978
1176,756.975748194014
1177,758.0832743574915
1178,755.999588814881
1179,757.2332028053985
1180,756.4406711382596
1181,756.1039690904144
1182,753.7644215844127
1183,755.6566145073444
1184,757.6343693622377
1185,757.8522343671126
1186,757.2736832115401
1187,756.9075033174871
1188,756.931172313663
1189,756.7992756365912
1190,758.2628122487447
1191,758.0574550763853
1192,758.2851230555337
1193,758.7572584393239
1194,756.3581397034656
1195,757.4086779398453
1196,756.3975785960197
1197,757.6133117641073
1198,757.7617351106867
1199,757.1166673579309
1200,756.7698074935681
1201,756.7076398628709
1202,757.3463970895898
1203,757.9131919709124
1204,759.6697800113877
1205,758.3809190447489
1206,759.5642606927056
1207,758.6740978580978
1208,758.2823203806429
1209,758.583095482057
1210,758.8954553112096
1211,759.6913697956518
1212,758.8669506953595
1213,758.7350540182879
1214,759.207189402078
1215,758.4598627361102
1216,759.0946011258369
1217,759.6387960741132
1218,759.7235042943888
1219,759.3909446737688
1220,758.5742423344485
1221,757.5092323078148
1222,757.3578359438444
1223,757.4409024540637
1224,758.5664267852638
1225,759.6612234441335
1226,758.6174575593467
1227,759.5587799005192
1228,758.9382376621884
1229,759.087609487512
1230,758.2343468296932
1231,759.9146152987117
1232,759.6643405132601
1233,759.9767003424125
1234,759.545025037813
1235,758.9664738822404
1236,760.3697598362536
1237,759.3706108892278
1238,761.5062236590219
1239,760.9033247461696
1240,761.7333899621653
1241,760.7709263930927
1242,760.2804705811133
1243,759.9492855201515
1244,759.7907700730412
1245,761.3190113732645
1246,761.1351395127306
1247,759.4917251642854
1248,759.5235893539102
1249,759.649175504945
1250,759.1382540985546
1251,761.0656719632855
1252,759.29359809971
1253,759.758788116174
1254,758.2831534714174
1255,758.6382009839252
1256,757.8387254186817
1257,758.4351367203985
1258,758.9086726442667
1259,758.8294032989475
1260,758.922513953419
1261,758.5242105984831
1262,757.9106122582568
1263,757.8268456434686
1264,758.2522515050533
1265,759.0700656489179
1266,759.4756844355248
1267,759.1602265295267
1268,757.6155710536618
1269,756.8798160315417
1270,758.2414354888361
1271,758.9927330355175
1272,759.7926663569519
1273,759.3012016543751
1274,760.03643028774
1275,758.9586907564983
1276,758.9656114110744
1277,759.849286634547
1278,758.8720373469433
1279,759.6921225035669
1280,759.4215822106609
1281,757.8031113972643
1282,758.6048566278122
1283,757.4847711715686
1284,759.4117106038228
1285,758.5547183971538
1286,757.909650644398
1287,758.9914285105181
1288,757.0929250615493
1289,757.2686212265205
1290,757.2861177182378
1291,758.5439023809366
1292,760.2418156446555
1293,758.1836342508626
1294,758.0644670783985
1295,757.3332093257474
1296,758.0940355425141
1297,759.2926669959796
1298,757.5080784266321
1299,758.6702881357854
1300,758.220396495343
1301,757.2877641455004
1302,757.2946848000763
1303,757.3681220518356
1304,758.9562763402688
1305,757.8646475435964
1306,757.2514672239939
1307,756.6803383990025
1308,758.4507294822844
1309,756.7471014702979
1310,758.52348797294
1311,758.131710495485
1312,758.17156575027
1313,758.9627351436767
1314,758.4970187384574
1315,759.1559278003654
1316,760.250724459235
1317,760.3102724455636
1318,760.3153811910263
1319,759.5257086000563
1320,758.4676424715269
1321,760.4366333983922
1322,759.300479028832
1323,758.7457135475482
1324,760.395670464797
1325,760.1523395774499
1326,759.5697695848852
1327,760.0664936614802
1328,760.5717996732091
1329,758.821983984327
1330,758.3677087466809
1331,758.6206209362095
1332,759.6917253553748
1333,758.6586329175426
1334,759.3938615509073
1335,758.6349200015525
1336,758.4268774688375
1337,758.3120825063879
1338,758.8350333128171
1339,759.1050472169677
1340,758.2806281166754
1341,757.5477996248893
1342,757.7057516415543
1343,758.5472580251233
1344,759.3673431817466
1345,758.5143698120697
1346,758.9199885986768
1347,757.839033248959
1348,757.613877614433
1349,756.8445339437503
1350,757.0422471134364
1351,757.0733384401935
1352,757.5053013019273
1353,756.6567115294538
1354,757.6518209632018
1355,757.3392895875377
1356,756.719819418184
1357,755.8471000565514
1358,757.6636788167291
1359,758.0023629855292
1360,757.4981687783446
1361,756.4544028935578
1362,756.1422895385175
1363,754.1666936552244
1364,757.0532143368534
1365,756.2918246896412
1366,756.5884573638303
1367,755.7358487543647
1368,755.0980797419573
1369,756.0069991758098
1370,755.651643442667
1371,754.9163668530236
1372,754.8192166852745
1373,755.5196988093167
1374,755.4601028667096
1375,754.2377584972539
1376,754.3348879887175
1377,753.6661279962574
1378,753.5024612313249
1379,753.9412506458706
1380,754.5767920541133
1381,752.613925675428
1382,753.0169727739449
1383,752.5725679647377
1384,752.9090984660712
1385,753.5932253672161
1386,753.2749083850489
1387,753.0783070199072
1388,753.7001773308397
1389,752.524321313611
1390,752.9835569937366
1391,753.3271564526294
1392,754.2034093455206
1393,751.3508818082328
1394,751.9329254120423
1395,752.3388990408932
1396,751.9964113865449
1397,751.7263495261155
1398,752.52628284755
1399,753.1927649539946
1400,751.8457898243682
1401,751.1415042147778
1402,751.6245571940624
1403,751.3044476316128
1404,751.2371286830933
1405,752.0795315197627
1406,751.5039054253025
1407,751.271903502485
1408,749.445700787981
1409,750.6443322414464
1410,750.1282788460649
1411,750.7246901477818
1412,751.0879630093867
1413,748.4675239385915
1414,748.3530937363532
1415,747.2585124289274
1416,746.294410666555
1417,744.6777517622718
1418,743.4169666325411
1419,741.5078873464312
1420,741.050396290309
1421,739.5795632633797
1422,736.2533514992406
1423,736.4819995820037
1424,732.1915902099356
1425,732.058055339564
1426,729.7963519260535
1427,728.9103315186708
1428,726.0674833654239
1429,725.2635105307113
1430,723.856964171228
1431,723.6943364525413
1432,721.1644144520535
1433,720.967813086912
1434,719.2819292232318
1435,717.6974320562903
1436,715.803312204525
1437,715.4977247269654
1438,715.2513551062406
1439,714.0911536547322
1440,713.7001791957932
1441,712.267585607414
1442,711.3532521006251
1443,710.4049751030299
1444,708.1969202079081
1445,705.3498384188334
1446,706.292972669119
1447,704.6321559307206
1448,704.3590439497244
1449,701.8483773313253
1450,701.3185855407387
1451,700.8806203863879
1452,697.2097770292303
1453,695.6303075898779
1454,693.8381459759937
1455,694.4472867823183
1456,691.7330981442014
1457,691.494027263825
1458,689.2235680430967
1459,688.3877077752311
1460,685.5372865774474
1461,684.163910845903
1462,683.2930033933836
1463,682.6479356406279
1464,680.4497771543643
1465,679.712320916835
1466,678.5023512097431
1467,676.8351210313608
1468,675.2880544993284
1469,675.0498800720525
1470,674.191991412283
1471,672.5903925307193
1472,670.6370548221194
1473,668.2170754730844
1474,668.2174702501796
1475,667.3465627976602
1476,665.6365082617992
1477,665.9972094353141
1478,665.6080036459492
1479,663.8377416914872
1480,661.7922898023021
1481,659.9759575162366
1482,659.5242539666808
1483,658.5927540976683
1484,654.9982303119675
1485,656.5779151027637
1486,655.122432293196
1487,653.6226269762585
1488,650.7203311833873
1489,651.6863546548614
1490,650.9350091519013
1491,650.301382566719
1492,646.6305392095614
1493,645.7354610848611
1494,645.3195129352249
1495,643.044138424404
1496,643.598203801119
1497,641.5330785092215
1498,640.8839919194735
1499,639.6813209527301
1500,637.4108617320019
1501,635.980080052736
1502,636.8589046337175
1503,636.7747199983055
1504,635.0736636744092
1505,633.7725886773294
1506,631.704604309263
1507,630.9930199593241
1508,630.1028571247161
1509,630.4832317009434
1510,628.2926726303592
1511,627.3791421420863
1512,624.7961747892225
1513,624.034253449121
1514,622.1130774778626
1515,623.0170816216225
1516,622.0845728620128
1517,620.670184682103
1518,619.7800218474952
1519,617.4023884234622
1520,616.1826157420967
1521,615.7001509952775
1522,615.0327655624758
1523,615.3767830419922
1524,613.2940129553945
1525,611.7236722042817
1526,610.1043049377847
1527,608.6483436957404
1528,607.8155221612526
1529,608.2211409478596
1530,607.9747713271347
1531,607.4163720067511
1532,605.9362400925256
1533,603.4030409952451
1534,602.7101103306036
1535,602.3621769280422
1536,602.0533095471263
1537,599.1732719289483
1538,598.8620239043402
1539,597.3753014650325
1540,596.4133533701266
1541,596.8651598336295
1542,594.1245705935945
1543,594.4695969637081
1544,592.6533882678755
1545,591.9331588044229
1546,591.0845690319495
1547,589.5375024999172
1548,589.0196371954222
1549,588.9600412528152
1550,587.6130661231888
1551,587.3119759150982
1552,586.1636075150969
1553,585.1297120587486
1554,584.9678572029296
1555,583.8605012512936
1556,583.6737028604258
1557,581.157252104745
1558,580.4954360103893
1559,580.9137843016041
1560,579.4164860251551
1561,578.3238483378855
1562,578.6319221796479
1563,577.2545276111114
1564,576.2400888585767
1565,575.5285045086378
1566,574.6872134765129
1567,572.2259617406746
1568,572.3869895324073
1569,571.2669040761637
1570,571.0165156184466
1571,570.1066793811265
1572,569.149103496235
1573,568.2343519688225
1574,565.8584872143638
1575,568.1348349555423
1576,566.3214240575621
1577,567.1410307817089
1578,566.6258738394275
1579,565.8071152861841
1580,564.5253232771042
1581,563.2144453057506
1582,563.2878825575099
1583,562.8961050800549
1584,618.1729250133026
1585,706.0754081190312
1586,711.2483424404099
1587,700.3940120397347
1588,678.5555463240119
1589,658.4404183288673
1590,689.113771170353
1591,679.711453542241
1592,616.7461523537854
1593,582.2972234108984
1594,550.7912488601022
1595,520.0962273039473
1596,486.63645136624575
1597,414.34531841734446
1598,372.43834569745803
1599,323.0151387824846
1600,229.64721480779775
1601,186.1196634681604
1602,151.1266054038435
1603,119.19036561741939
1604,61.21030355739825
1605,47.010180717601315
1606,38.29081835003548
1607,32.353251126240195
1608,23.243515329346785
1609,20.712251731412234
1610,16.33547701814307
1611,11.349059822544156
1612,8.289552042315389
1613,5.421256267041951
1614,3.8941267713631156
1615,2.5423599418769953
1616,-1.0735638418750995
1617,-0.734461652451273
1618,-2.411111276436749
1619,-3.7377574857757025
1620,-4.536455412433121
1621,-5.992416654477388
1622,-5.782897557006752
1623,-5.741347738400837
1624,-6.427334504937711
1625,-9.31969025868812
1626,-8.968969816592448
1627,-10.127359358987732
1628,-8.764215380659046
1629,-10.49381972899966
1630,-11.612571708606595
1631,-13.804708404367098
1632,-14.083594604677316
1633,-14.42864255992679
1634,-14.363551215571864
1635,-14.024449026147995
1636,-14.898787095978946
1637,-17.326038814219405
1638,-15.337374484641884
1639,-17.283643235682746
1640,-18.078081155369475
1641,-17.63011644376046
1642,-18.096401583558904
1643,-18.969162028213454
1644,-18.55915964440299
1645,-19.085370856302255
1646,-20.16230736902775
1647,-19.89771284194743
1648,-20.503588176261278
1649,-21.297102519124984
1650,-23.285717195167805
1651,-23.253971820057288
1652,-22.47382557360044
1653,-22.47525082642868
1654,-23.822643976678663
1655,-24.940499503185197
1656,-24.78512087131223
1657,-24.795845011436512
1658,-24.82904035212549
1659,-26.091158958493008
1660,-25.343947312245263
1661,-26.43763216657068
1662,-27.183608183588163
1663,-25.854505305879158
1664,-27.07415439701185
1665,-26.329828198076218
1666,-27.111901373366468
1667,-27.60336607594329
1668,-27.026263416727364
1669,-28.412127482901067
1670,-29.826037230334254
1671,-29.19207170347514
1672,-29.621393488104903
1673,-29.046999191102703
1674,-29.99042554620692
1675,-28.246200780906435
1676,-29.722752116444408
1677,-30.130828290005372
1678,-31.351020461216308
1679,-29.998549929842213
1680,-29.912738015719214
1681,-30.68446233009419
1682,-30.592726235281333
1683,-30.10091744877893
1684,-31.11535620131349
1685,-31.62434210835786
1686,-31.31998642825644
1687,-31.288895101499268
1688,-32.65956247082998
1689,-31.57182338233019
1690,-32.60956747661375
1691,-33.315995366481644
1692,-33.32659591637312
1693,-32.7575711053135
1694,-32.28072175315583
1695,-32.55078361358511
1696,-32.381621446904816
1697,-33.22686666842044
1698,-33.42346803356206
1699,-34.251905970846536
1700,-33.92553328603039
1701,-34.741241718707144
1702,-33.30508822792628
1703,-35.42170837074599
1704,-34.052489497771944
1705,-34.72732438487749
1706,-34.745347265350205
1707,-34.007068511418694
1708,-35.63338114524177
1709,-35.00734203594153
1710,-34.23807230195712
1711,-35.143524942073725
1712,-35.79338439468934
1713,-36.056502357014054
1714,-35.52660765248032
1715,-36.15152357004718
1716,-35.05991635851058
1717,-37.15978815973037
1718,-37.227375167497854
1719,-37.54026138540581
1720,-36.59151671365215
1721,-35.72985849489429
1722,-36.05031775733891
1723,-37.16601961637904
1724,-36.46553749233677
1725,-37.14779471002354
1726,-37.26181056466532
1727,-37.211045835195904
1728,-37.66495631263052
1729,-38.06507969748972
1730,-38.28537330233574
1731,-37.813237918545596
1732,-38.405965727628015
1733,-38.632183513163895
1734,-38.06538863184128
1735,-38.261989996982855
1736,-37.56985378034488
1737,-38.50620429184852
1738,-38.70280565699011
1739,-38.16817251300897
1740,-37.804899651404
1741,-38.52050283833515
1742,-38.83723769417849
1743,-39.04813930306263
1744,-37.74543702727178
1745,-38.96339779952397
1746,-38.71048560999552
1747,-39.35957219974349
1748,-39.46256123440847
1749,-39.260464467519085
1750,-37.97486390635029
1751,-39.02083671901596
1752,-38.944827779166644
1753,-38.61887311497421
1754,-38.678469057581324
1755,-39.86068751380462
1756,-37.942093988954724
1757,-39.456493980025854
1758,-39.65309534516743
1759,-40.651465184385344
1760,-40.823895877345784
1761,-38.59338244004086
1762,-40.18622551438679
1763,-40.40699755170949
1764,-40.40549627420369
1765,-39.83110197720147
1766,-41.979492207881904
1767,-39.67102100582039
1768,-40.89156655005352
1769,-40.115439140588876
1770,-41.395897673032024
1771,-40.14534429651683
1772,-41.54509762812131
1773,-40.93080550397444
1774,-40.90152608633057
1775,-40.62712858497657
1776,-40.27220163077584
1777,-41.72008502466379
1778,-41.31446623805677
1779,-39.38394622711524
1780,-41.491417444014644
1781,-42.107837492801494
1782,-40.06988334011744
1783,-41.08419850241921
1784,-41.86784241684434
1785,-41.769580444550655
1786,-42.577157768658665
1787,-40.93211614150242
1788,-41.77071189530448
1789,-41.25383598352052
1790,-41.076327909435996
1791,-41.9249176819094
1792,-42.78732926564867
1793,-42.381710479041665
1794,-42.84000455367974
1795,-42.69169487936579
1796,-42.864125572326245
1797,-41.96512278501287
1798,-41.51745250379476
1799,-42.42526013310288
1800,-43.111121840185234
1801,-41.70423139677649
1802,-41.95060101750131
1803,-41.24922244035862
1804,-42.398514417182945
1805,-43.26834833150346
1806,-42.41321599022639
1807,-41.907909978497486
1808,-42.787163338421024
1809,-42.55626815360728
1810,-42.40847395346002
1811,-43.39808798546008
1812,-43.0039103664265
1813,-43.09375554888713
1814,-42.67103504765802
1815,-42.096640750655794
1816,-42.944334070028816
1817,-42.88918574335597
1818,-43.19399411310766
1819,-43.05111520305298
1820,-42.71895691173366
1821,-42.957904201877255
1822,-43.11215964201681
1823,-43.60841604445346
1824,-43.08394071698993
1825,-43.42141562770274
1826,-42.4499984336593
1827,-43.377479465679684
1828,-43.558779638123404
1829,-43.683080268800374
1830,-43.66214675856078
1831,-44.44823877084323
1832,-42.49354808772054
1833,-42.17411930100893
1834,-43.6643486198989
1835,-41.902604119352546
1836,-44.467690649786455
1837,-44.19072146034231
1838,-44.276962153407354
1839,-43.96733634096941
1840,-42.991031462744914
1841,-44.6442487854638
1842,-44.67786214677648
1843,-45.00055133895811
1844,-42.77436497206526
1845,-43.70329315298769
1846,-43.09415234666306
1847,-43.66528117165447
1848,-45.473890451807485
1849,-43.35129647476329
1850,-44.91546472141764
1851,-43.882801062527555
1852,-43.078484143889575
1853,-43.407763861153555
1854,-44.03780986764853
1855,-43.493373749393754
1856,-43.23059113142671
1857,-44.19603449124567
1858,-43.7710956749486
1859,-44.968615323869734
1860,-44.65320537415033
1861,-43.939993745500345
1862,-44.13659511064192
1863,-45.03733378239103
1864,-45.271124612463574
1865,-42.82534731253644
1866,-42.565136382659546
1867,-43.77510608975136
1868,-43.94395620402442
1869,-43.395501248777435
1870,-43.65569268076813
1871,-43.557430708474435
1872,-44.30620452334434
1873,-45.027591847556955
1874,-45.88020045702257
1875,-45.174803042887696
1876,-44.062893282206744
1877,-44.8489852944892
1878,-45.09773555890647
1879,-44.88290928740936
1880,-45.47820878458192
1881,-43.59003469864239
1882,-44.11338683437251
1883,-44.30268945916566
1884,-43.83427223703654
1885,-44.90378641918083
1886,-44.96338236178794
1887,-45.14725422232181
1888,-44.04807396624857
1889,-44.18217757119921
1890,-38.54312337704402
1891,-38.00154633495837
1892,-37.23350044667711
1893,-37.321894807208594
1894,-37.55976855915341
1895,-37.64600925221846
1896,-36.71560450654042
1897,-36.66633792696236
1898,-37.63359319589462
1899,-38.40204041347676
1900,-37.214326555505664
1901,-38.592199556518985
1902,-38.527108212164066
1903,-37.57253279430489
1904,-38.46269562891271
1905,-38.299728968549175
1906,-37.50685321748462
1907,-37.61276731326192
1908,-38.20764878981076
1909,-38.59504267006224
1910,-38.97841771332153
1911,-38.44852300878776
1912,-37.91388986480665
1913,-38.99047300450998
1914,-37.64128237649212
1915,-39.364355705103094
1916,-39.17212936665228
1917,-38.31804419243105
1918,-38.7445681792084
1919,-37.79922700104376
1920,-37.512615469248715
1921,-38.16748619627817
1922,-38.48871832159041
1923,-38.39560766711898
1924,-38.78557323546061
1925,-37.53717352641186
1926,-37.9870651668543
1927,-38.376270956219095
1928,-37.314644925288064
1929,-38.49720513986446
1930,-37.69288822122649
1931,-37.68596756665046
1932,-37.882568931792036
1933,-37.98848302756932
1934,-39.33545815719562
1935,-39.62274679170148
1936,-39.802599815243155
1937,-38.94851464102193
1938,-38.9415939864459
1939,-38.947402836477565
1940,-37.83057778570401
1941,-39.35204673433415
1942,-39.46975683992878
1943,-38.58748215653421
1944,-40.03536555042217
1945,-38.72208743749003
1946,-39.417074159784505
1947,-39.318812187490806
1948,-39.29221813020254
1949,-39.52637372048631
1950,-40.370579895756265
1951,-39.7116708338484
1952,-38.38695155334284
1953,-39.55242166796623
1954,-38.108845846604126
1955,-39.75920409315387
1956,-40.038390968795255
1957,-38.7484181976121
1958,-39.530491372902375
1959,-40.02195607547921
1960,-40.168789185037554
1961,-38.91585516482992
1962,-38.2305455010039
1963,-39.07913527347732
1964,-39.00312633362799
1965,-39.59842583080054
1966,-39.39632906391114
1967,-40.28649189851896
1968,-38.585091490697124
1969,-38.64287552419095
1970,-38.18089795691834
1971,-39.67328094327476
1972,-39.624014363696695
1973,-40.47260413617011
1974,-40.270507369280715
1975,-39.86488858267372
1976,-38.74369132188576
1977,-38.92756318241964
1978,-39.152621207132455
1979,-39.06088511231958
1980,-39.67225352280879
1981,-39.610133848390255
1982,-38.50466374256584
1983,-40.797481726361944
1984,-40.404592444362635
1985,-40.66771040668738
1986,-39.085670626699695
1987,-39.09639476682399
1988,-39.654376066583964
1989,-39.471952702406824
1990,-39.582364067653
1991,-39.77896543279459
1992,-39.62663692148844
1993,-39.38352770623365
1994,-39.09781262753902
1995,-38.692193840932
1996,-39.38718056322646
1997,-39.15933549897953
1998,-39.867051725881716
1999,-39.483449943989406
2000,-39.35044146237331
2001,-40.24060429698112
2002,-39.44901688295085
2003,-40.23510889523331
2004,-39.23999946148543
2005,-39.02517318998832
2006,-39.53026385027328
2007,-39.583132593674485
2008,-39.905821785856126
2009,-37.82504327569337
2010,-39.950094639691564
2011,-39.81994523424461
2012,-39.30534033521963
2013,-40.0817529634612
2014,-39.0441740144785
2015,-37.87620614846316
2016,-38.46748680864351
2017,-38.81434667300626
2018,-39.20174055325775
2019,-39.22799052662049
2020,-39.34827232030524
2021,-38.76860936018824
2022,-38.6687715065109
2023,-39.70996570320751
2024,-38.34074683023349
2025,-39.452076479259226
2026,-39.02005709073409
2027,-38.44074750363928
2028,-37.65173177769914
2029,-38.21462836755173
2030,-37.94199616648699
2031,-39.102197617995586
2032,-39.184505696692725
2033,-39.44032491866902
2034,-38.64873750463875
2035,-38.649115590411135
2036,-37.83749993142472
2037,-39.957700652931806
2038,-39.3810764261926
2039,-39.29888336721556
2040,-39.184788509334886
2041,-38.779169722727865
2042,-38.81326151651722
2043,-38.493832729805625
2044,-38.26679242786748
2045,-37.56631030382521
2046,-39.074461528167106
2047,-38.367689554373655
2048,-37.716079232814224
2049,-37.85323295833169
2050,-39.27652765941481
2051,-37.661317251488356
2052,-38.66881210591839
2053,-38.196676722128245
2054,-38.9209905766749
2055,-37.27937956683031
2056,-38.18718719613843
2057,-37.78156840953141
2058,-37.708131157772236
2059,-38.85993017508516
2060,-38.45431138847815
2061,-39.049610885650715
2062,-38.51131374692128
2063,-37.85240468501342
2064,-37.44678589840641
2065,-37.17817253433389
2066,-38.500446533658476
2067,-38.13717367205347
2068,-38.64136787923802
2069,-37.194932981706785
2070,-37.41570501902952
2071,-37.60985828631374
2072,-37.383590847243205
2073,-37.528043313109094
2074,-37.3017758740386
2075,-38.191938708646404
2076,-37.14706101931525
2077,-38.40579009139306
2078,-37.38428005572706
2079,-36.96722010154662
2080,-36.120557257906604
2081,-37.43436175959413
2082,-37.31216514284898
2083,-36.63585369098784
2084,-36.16371830719766
2085,-37.63642789084182
2086,-35.55600275370127
2087,-37.8177061672117
2088,-37.412087380604724
2089,-38.31497971982026
2090,-37.01227744402938
2091,-37.46216908447181
2092,-38.55585393879724
2093,-37.70176876457603
2094,-38.26064651743643
2095,-36.41551348787421
2096,-37.40951111707773
2097,-37.41531996710941
2098,-36.81452506818904
2099,-35.54062121032254
2100,-35.86331040250421
2101,-36.42129170226421
2102,-37.80558502930306
2103,-37.26114891104827
2104,-37.45956218530317
2105,-38.74002071774629
2106,-37.38713216574847
2107,-37.470513782644375
2108,-36.4754043488965
2109,-36.02091375980664
2110,-38.58510383714015
2111,-36.79516982742046
2112,-36.90558119266665
2113,-37.12635322998938
2114,-35.9853575070347
2115,-36.8020598463548
2116,-36.66905136473871
2117,-37.015911229101505
2118,-36.8394120456142
2119,-35.65169818764308
2120,-38.06318166789806
2121,-36.363934927542665
2122,-36.560536292684226
2123,-36.55361563810818
2124,-36.14799685150118
2125,-36.743296348673745
2126,-36.22881503988155
2127,-36.87388279263736
2128,-31.80275939139698
2129,-26.60312643640212
2130,-18.250067151916376
2131,-12.638238839664073
2132,-8.522369617386392
2133,-2.8732231077215324
2134,4.36892288996944
2135,8.401433738879692
2136,12.579027858480647
2137,14.783672386756596
2138,22.051446123498103
2139,26.20823289033506
2140,27.686381348935647
2141,31.61404851265293
2142,34.77827429030367
2143,38.56887950469506
2144,41.661960939419416
2145,43.95874980392907
2146,47.610547604640004
2147,49.14725840250026
2148,51.62053953837724
2149,51.34759223063588
2150,55.24361289672518
2151,55.340809451630236
2152,58.3304741123826
2153,60.290625255597476
2154,62.07109618945138
2155,63.01626028251766
2156,64.18896809732001
2157,65.84376257316917
2158,70.19734719244364
2159,73.17715281194647
2160,74.8348624309406
2161,78.80098027290047
2162,90.34651816135454
2163,96.10429874775687
2164,100.56585664807618
2165,111.24989319126807
2166,132.43121447439702
2167,146.15197339519148
2168,163.89665719329776
2169,183.6251359725332
2170,185.07961574672106
2171,193.18424422857834
2172,193.28146884921043
2173,190.67575942997055
2174,185.4708613722019
2175,180.24021221051242
2176,176.58065650040936
2177,171.1835799806832
2178,164.2975517933983
2179,159.62498258358892
2180,154.79881032360063
2181,148.47824971277248
2182,142.29748653720648
2183,139.8932989907366
2184,140.10234112495223
2185,134.0246686680972
2186,129.36371771095966
2187,132.1124299515381
2188,128.01522118791354
2189,125.68976426906784
2190,125.58765919742564
2191,123.13995496866511
2192,120.87622294714274
2193,121.50312098566451
2194,121.49581545496318
2195,120.65678180221639
2196,119.53737577425608
2197,119.23029014680517
2198,119.6056138348182
2199,118.08971569385571
2200,118.83188969454665
2201,118.16995000995814
2202,118.73524674138942
2203,117.66333795625333
2204,118.170875366941
2205,117.04950671591192
2206,119.10318949278121
2207,119.17832795994963
2208,118.83968352671675
2209,117.13963609341772
2210,118.18724926868518
2211,117.50820786947462
2212,118.62413646714778
2213,118.5073128966862
2214,118.86229576159245
2215,120.83158111884862
2216,121.0917920487255
2217,121.5798727555995
2218,120.95706317753691
2219,119.48769447182339
2220,120.80546985422444
2221,122.74948709039248
2222,126.19945265948809
2223,125.21818453489226
2224,124.68758972578958
2225,124.7072398849733
2226,128.3252843638671
2227,127.64582494403277
2228,126.69930332875938
2229,128.42886309010612
2230,128.41161307250104
2231,128.64723530957306
2232,129.45155222821103
2233,129.8705446498118
2234,131.92569542092403
2235,132.4559449677017
2236,134.46055462036304
2237,133.89019865823923
2238,134.25107691685244
2239,136.0529374126638
2240,135.3175372327876
2241,135.8130402702429
2242,137.19587371373598
2243,139.6415274234303
2244,141.32874125977503
2245,141.33094794598358
2246,141.79970862316756
2247,143.25163035193393
2248,145.53370095207723
2249,146.7849597372951
2250,147.52633071947005
2251,149.5453843323094
2252,150.50780331438798
2253,152.28933488991206
2254,155.96934667087618
2255,155.6422738814911
2256,156.72744128190078
2257,157.95125229814468
2258,158.86017173199716
2259,160.8104788179164
2260,163.1993818630113
2261,164.95889643382063
2262,166.63623984172676
2263,167.5410168483543
2264,168.19992591026218
2265,169.10393005402204
2266,172.0610796044107
2267,173.88418424206915
2268,176.11738303972965
2269,177.08575011320625
2270,178.60484395673086
2271,178.86505488660777
2272,181.98394114548103
2273,182.18213274764366
2274,184.59420446036398
2275,186.21503837364912
2276,188.04106954164163
2277,187.92734811739075
2278,190.60211454416327
2279,192.97365224099488
2280,193.71514681340255
2281,196.39376187811044
2282,197.863440839074
2283,199.34999173187023
2284,198.75469223469767
2285,200.67182869267816
2286,205.14550718885417
2287,203.9809221401421
2288,206.82359874687774
2289,207.2622645711907
2290,208.5354904699956
2291,211.85879520168697
2292,212.0524895343807
2293,214.54433092097085
2294,216.78255744622084
2295,217.95749665998187
2296,220.09555752763328
2297,219.82006490294475
2298,223.94076589869798
2299,225.23908457728538
2300,226.40129428643874
2301,228.2868966842881
2302,230.22045689782917
2303,230.46051599251717
2304,232.09282811506569
2305,234.2559561079986
2306,236.6381319538876
2307,238.58372507143932
2308,238.8006936232138
2309,241.48086065859715
2310,242.72183803706469
2311,245.03030923912618
2312,247.08960243746336
2313,247.25769918675502
2314,248.96064017806324
2315,252.45932402912285
2316,252.84584095416022
2317,253.89357771966047
2318,255.32055591337803
2319,259.13244302794857
2320,259.3926539578255
2321,260.3314046109078
2322,264.1782153198991
2323,264.5291135191402
2324,265.7676427997504
2325,267.65581688568994
2326,269.67353702189274
2327,271.1530189571299
2328,273.29155825725803
2329,274.11708916209466
2330,277.0902141912156
2331,279.09109255123417
2332,279.05486426229214
2333,280.70482117954106
2334,282.36529265561444
2335,284.79869529317784
2336,286.6296417512629
2337,287.71299724255925
2338,291.75480697876554
2339,291.5976660913139
2340,293.6696887942588
2341,294.6380558677354
2342,296.67353323613537
2343,299.2304440710067
2344,300.13936350485915
2345,301.0416924136293
2346,302.6963632992456
2347,304.52239446723814
2348,306.6240335905773
2349,305.87590390609347
2350,309.86466828992366
2351,313.0636971036881
2352,313.1087036762956
2353,315.20441861894494
2354,318.2762148288002
2355,317.57642648867863
2356,319.7104685193378
2357,321.8906982268929
2358,324.78055831723077
2359,325.05841404180796
2360,326.94803527664953
2361,328.1122750630365
2362,330.11562750133186
2363,332.1876502042768
2364,334.13941435706545
2365,335.19263795380084
2366,336.67375808233777
2367,338.2897413531319
2368,341.9206389268661
2369,342.3883907134528
2370,344.98428391945583
2371,348.06812299367556
2372,348.8192969501241
2373,349.8572307413507
2374,353.68586619752114
2375,354.97416373371453
2376,358.9229628362352
2377,360.3168638365984
2378,360.81959816023715
2379,363.75553372442715
2380,364.5613912265515
2381,365.11533301303365
2382,369.69799762162756
2383,372.08097648603257
2384,372.90427746113227
2385,375.27273938289613
2386,378.53748177532765
2387,379.30009689934974
2388,380.07856791081684
2389,382.9924750831031
2390,385.14642777897274
2391,387.51488970073655
2392,390.3622802758396
2393,390.34952752770346
2394,395.01825854596
2395,396.02686520493444
2396,397.31216509077206
2397,399.525866101597
2398,403.1506788627186
2399,403.74157317755197
2400,406.26608110510324
2401,409.0213574996211
2402,411.2823838104208
2403,414.74566563458285
2404,415.43482026331725
2405,417.22342079640026
2406,419.38666122683
2407,422.13268934182145
2408,424.54091241660643
2409,425.3368269010487
2410,429.0880281645416
2411,431.26745485358055
2412,434.24057988270147
2413,433.08073327343686
2414,437.95712873863596
2415,439.44660469254455
2416,441.7358205125176
2417,443.8989485054505
2418,445.90509874159824
2419,447.1465545525424
2420,450.2903843464646
2421,451.12787189304123
2422,455.7833429485695
2423,457.257164336758
2424,458.6563078635462
2425,459.23304576255083
2426,464.5836559127218
2427,466.6798492878478
2428,467.6058704363225
2429,469.0801739300148
2430,473.3037779693661
2431,474.14653564827927
2432,476.10957223880627
2433,476.96973230767276
2434,480.2280350452479
2435,483.37198842940273
2436,484.9328962705871
2437,486.3700322808222
2438,490.04181871268906
2439,491.9399358163107
2440,493.79013765648426
2441,494.9281766934565
2442,498.6501795571788
2443,501.72749275391766
2444,502.55260563813056
2445,505.02734531009867
2446,505.8573734844043
2447,508.86817008395985
2448,510.4168638947033
2449,512.7060797146762
2450,515.1216015298096
2451,515.2531529445562
2452,517.3667487096355
2453,518.1565372984433
2454,521.7743519945476
2455,523.0398534182185
2456,522.3184660940059
2457,523.2273855278584
2458,527.3264129739518
2459,529.0171399348189
2460,529.9077605256178
2461,531.5833150262688
2462,533.8530741424282
2463,534.654819372976
2464,536.0447217740281
2465,537.8367118414009
2466,540.1759140850774
2467,542.0664317730193
2468,543.5484853963467
2469,546.7091871221015
2470,548.0445445516644
2471,549.2194837654255
2472,550.7231363728438
2473,550.6960833809651
2474,553.3392568049752
2475,552.6949619150871
2476,553.5043065613144
2477,553.6377345327761
2478,553.5776904138967
2479,554.8004925395435
2480,556.3466146621965
2481,556.0213537819249
2482,556.8256707005628
2483,557.4771574318894
2484,556.6866818224034
2485,556.7758873121483
2486,558.1541061408798
2487,558.3344169206125
2488,558.5133901823765
2489,559.5080815955008
2490,560.255236714957
2491,559.0483057412431
2492,563.3874005415989
2493,562.3445311099126
2494,562.2849351673055
2495,562.2326379650468
2496,564.051370392691
2497,564.5566764044198
2498,564.5550710345673
2499,565.5348341360151
2500,567.593230881252
2501,566.956358321945
2502,568.4592380664957
2503,571.5730664421311
2504,570.2403614005989
2505,571.481615889818
2506,574.8797831260968
2507,576.3692590800053
2508,577.2952802284799
2509,576.5738929042673
2510,577.5360112110147
2511,579.3521719505686
2512,580.405395547304
2513,582.596778878083
2514,585.0895167177737
2515,583.96943126153
2516,587.1931612055964
2517,587.5520504699979
2518,591.0415590239942
2519,592.6058974824901
2520,592.491998973141
2521,594.7265312474381
2522,596.8474257528658
2523,596.7502755851165
2524,597.442001901941
2525,598.9289061677594
2526,601.4949306306537
2527,603.345550491451
2528,603.7017543954971
2529,605.6367716759075
2530,607.1883806297957
2531,609.5940320164906
2532,609.9247317717188
2533,613.3743424985705
2534,613.7773895970872
2535,614.0840888791912
2536,615.6152567097485
2537,617.295525178767
2538,619.183812936972
2539,621.4099427770733
2540,623.1694573478827
2541,623.1394778256699
2542,624.766005810937
2543,627.1011217634565
2544,626.9128663057191
2545,628.6596513719207
2546,633.6068905047151
2547,633.4428057191591
2548,633.2867383699061
2549,635.6375554969696
2550,637.7717111998943
2551,639.8634073055514
2552,640.5595058323903
2553,641.9975382957258
2554,644.4130601108592
2555,644.4864973626185
2556,647.1576900967451
2557,646.4962288446333
2558,649.8959206019463
2559,651.9635597076878
2560,653.5078699212277
2561,654.3593834073587
2562,656.5662318849521
2563,657.6916388708596
2564,659.5155163713856
2565,659.2309130972354
2566,660.4471246977997
2567,663.2945152729028
2568,663.1084897449025
2569,665.0426105722125
2570,666.0542611068136
2571,667.3901340105431
2572,670.2551693803465
2573,672.0162546902908
2574,672.9456203897231
2575,673.4601016985152
2576,674.2309490576762
2577,675.2637263888316
2578,678.2994665234361
2579,679.3208026870183
2580,681.1023342625422
2581,681.1092549171183
2582,683.0866181225307
2583,684.9206403556836
2584,686.9970352686429
2585,687.4804416209496
2586,690.0125225930376
2587,693.1995947650621
2588,692.6210436094894
2589,693.3464692685804
2590,695.2342785943088
2591,696.9174061394964
2592,698.0331274964227
2593,699.4850492251891
2594,699.4057798798698
2595,702.362835995674
2596,702.4354702289172
2597,703.3077042848164
2598,705.5162169361291
2599,706.8272651193241
2600,708.743628714437
2601,707.8534658798292
2602,709.5598940152405
2603,710.0298757315643
2604,709.6508277587171
2605,709.9775552857772
2606,711.439279988817
2607,713.3117995090366
2608,712.8649517442208
2609,711.930171971852
2610,711.8946231111933
2611,711.8576996908758
2612,711.2864472756517
2613,712.2942862140072
2614,712.2387091083924
2615,711.5768930140367
2616,711.1375772107355
2617,711.2110144624947
2618,710.0635325976265
2619,710.5356679814166
2620,710.2059098316759
2621,710.1753998513426
2622,709.5303320985868
2623,708.6401692639789
2624,708.3572543087092
2625,707.4577925868053
2626,710.4075499622612
2627,707.9251662876196
2628,708.6800683236966
2629,707.548829244229
2630,708.2295143753264
2631,708.5527917999732
2632,709.2398903710545
2633,709.4253895102994
2634,711.0161285707134
2635,710.371957271058
2636,709.3179099795209
2637,709.222571720885
2638,710.5012169967601
2639,709.8741474117268
2640,709.1527600875143
2641,709.3632027618079
2642,710.3754139101778
2643,708.6051519557157
2644,710.2364250320186
2645,711.0294144553486
2646,710.9811360900821
2647,710.5228420154441
2648,711.2083023932254
2649,710.3181395586176
2650,710.6199235506289
2651,711.3335432819352
2652,710.8179079071774
2653,710.4503011019036
2654,710.4156486943451
2655,710.3600715887303
2656,711.0953002220949
2657,709.7884410877338
2658,709.925653049529
2659,709.9365925410972
2660,710.545733347422
2661,710.7434465171079
2662,709.6331640351381
2663,708.3443030684992
2664,708.3712519680313
2665,710.0909413009396
2666,708.1500919269688
2667,709.1750325799466
2668,709.9622363967734
2669,708.3564950879846
2670,709.2248805059485
2671,707.1909903426438
2672,708.8656483901942
2673,709.6305345269752
2674,708.899276774324
2675,709.2633224987967
2676,708.3722632110885
2677,709.2741136873819
2678,709.4407122867822
2679,709.78979857691
2680,712.676319258539
2681,712.0483532204053
2682,711.9164565433335
2683,712.2198164167286
2684,712.0391603746709
2685,712.772931941166
2686,712.5485793251561
2687,713.5199965191995
2688,714.0420508725284
2689,714.2594374449264
2690,714.2790876041103
2691,713.7217504347362
2692,713.2722136365378
2693,712.946952756266
2694,713.2485007205477
2695,713.2554213751238
2696,715.5810589394088
2697,715.1892814619538
2698,714.9881729093761
2699,713.1543208880648
2700,713.5500692462333
2701,714.3638918330986
2702,714.2262076494604
2703,714.7315136611895
2704,715.3406544675141
2705,715.0662090098814
2706,714.971742967719
2707,714.6480579688309
2708,715.1291933083787
2709,715.5589827671669
2710,715.4972331570933
2711,715.8029908464945
2712,714.8334583198631
2713,714.7826196536955
2714,716.6057242913539
2715,715.0114241501385
2716,715.9950924163131
2717,716.59150371803
2718,716.133086053159
2719,715.8469552794132
2720,714.1286685084132
2721,715.4237713685244
2722,716.3947101300912
2723,716.1119187650543
2724,716.5455568617779
2725,716.2202959815061
2726,714.8918509469446
2727,714.0656199375389
2728,713.3015449299711
2729,714.5001763834367
2730,714.128072308694
2731,714.2015095604531
2732,714.2084302150291
2733,712.9746446780001
2734,711.486280528636
2735,712.2880257591838
2736,711.8490517142358
2737,711.1945343602285
2738,711.8509363816478
2739,710.2841964469033
2740,710.1489603611226
2741,710.7803541998916
2742,710.0508890275227
2743,709.7680976624857
2744,707.9759360486015
2745,707.8607877131296
2746,708.6383622714962
2747,707.0242636681141
2748,707.9700832787556
2749,707.2343282566355
2750,706.7055453566461
2751,706.48411927097
2752,705.9055681153974
2753,708.0608542879037
2754,706.692747219474
2755,706.7164162156499
2756,708.663507483093
2757,705.0554511742685
2758,707.4308569941369
2759,706.3870911093501
2760,706.7306905682428
2761,708.4897267065754
2762,706.3037822507528
2763,707.1412697973295
2764,704.977225000929
2765,706.2620464542899
2766,705.7014934664398
2767,706.4001636813688
2768,705.2738122860823
2769,705.1945429407629
2770,705.201463595339
2771,704.0653092257787
2772,704.9451426973574
2773,704.6686411820717
2774,704.997872943057
2775,704.2935873334665
2776,703.9431468904163
2777,703.9460487080001
2778,702.8317939978621
2779,702.4221356979771
2780,702.453645045358
2781,701.7174720026143
2782,702.8894846860412
2783,700.9585057405093
2784,702.2959545256225
2785,702.1658697576639
2786,702.9416324069174
2787,701.6867450867335
2788,701.2602210999561
2789,701.8693619062807
2790,700.5805009396419
2791,699.9193642735695
2792,700.4054149032099
2793,700.5607821478939
2794,701.2960107812585
2795,701.9165927551566
2796,700.8683296009008
2797,700.5557982252369
2798,701.1522095269538
2799,702.1403750625971
2800,700.7673527040749
2801,701.3637640057918
2802,700.2534815238218
2803,698.964620557183
2804,699.6402779606908
2805,697.8946046990336
2806,699.4228459992568
2807,699.7309198410194
2808,699.9596613583666
2809,698.6708003917278
2810,698.9893327253391
2811,699.352605586944
2812,700.05093404352
2813,699.7079159310508
2814,699.149934631291
2815,698.1061687465042
2816,698.0041032886622
2817,698.0578671377091
2818,698.0546299757677
2819,698.2460772064106
2820,698.4989893959391
2821,699.0279876473725
2822,697.7391266807336
2823,696.4629952187026
2824,697.0594065204194
2825,696.8628051552779
2826,697.7888263037526
2827,698.6007162669271
2828,698.2521811675747
2829,697.4853977977932
2830,698.2009530284456
2831,698.9204545068468
2832,699.3641592114851
2833,699.0585717339256
2834,700.5075669323579
2835,699.9915135369762
2836,699.7734268600092
2837,700.6358579416346
2838,700.8052881675629
2839,700.371164765106
2840,701.7624006427945
2841,701.2204882563512
2842,702.2257555066167
2843,699.9376514911881
2844,700.9187480692725
2845,699.825063214947
2846,701.9881912078799
2847,699.6683171045906
2848,701.3895045873901
2849,701.372254569785
2850,700.8277704952516
2851,699.3713912325836
2852,700.3851543516291
2853,700.0795668740695
2854,699.3304282989884
2855,700.2344324427484
2856,698.6330633439738
2857,700.5113670014749
2858,699.9577593809511
2859,699.2363720567384
2860,697.880098039816
2861,698.4286464296473
2862,698.6829331788344
2863,700.9096512386164
2864,699.489787154845
2865,697.9230472201004
2866,698.6564639443518
2867,699.3916925777166
2868,698.9999151002617
2869,699.9088345341141
2870,699.0137564094138
2871,697.8245826678968
2872,699.4884288505765
2873,697.6962672366923
2874,699.2405774502321
2875,699.2474981048081
2876,699.6403873868074
2877,697.9030600325544
2878,698.4876121460742
2879,698.9152479373959
2880,699.4205539491247
2881,699.6555853162232
2882,699.6866766429805
2883,701.1560007617
2884,698.4303339143198
2885,698.4540029104958
2886,699.6211003038302
2887,699.1766954946229
2888,698.689728061515
2889,699.6481521173093
2890,698.9666626202416
2891,699.5091632391502
2892,698.8840325227478
2893,698.063462060391
2894,698.7986906937557
2895,700.0712610749855
2896,699.0648133876114
2897,700.789239690745
2898,698.0575845777948
2899,699.8170991486043
2900,700.3996211848903
2901,698.8915110435704
2902,700.0635237269975
2903,699.148293767108
2904,699.511921470957
2905,699.4946714533519
2906,699.5633702656637
2907,700.2464499997527
2908,700.2873443007836
2909,700.9388310321103
2910,700.2770149377545
2911,701.2863944595965
2912,701.2677175307705
2913,703.5520180606509
2914,702.8103018161509
2915,703.3569448622846
2916,703.4127373193436
2917,703.6231799936372
2918,704.1884767250684
2919,703.1944790958648
2920,702.9321339964077
2921,702.8967087259819
2922,704.3162645891182
2923,705.7699982269978
2924,704.0644409606057
2925,704.3246518904825
2926,706.2515913227367
2927,705.480789115963
2928,706.3897085498154
2929,706.4828192042869
2930,706.0668710546508
2931,705.8874964635859
2932,705.475567150942
2933,705.132549038473
2934,707.3670813127702
2935,706.4104018809792
2936,706.4173225355552
2937,705.8643689633847
2938,706.1413282348615
2939,706.1482488894376
2940,706.3459620591235
2941,705.7879807593636
2942,706.2932867710924
2943,707.4919182245578
2944,705.6800832079614
2945,705.9744448693916
2946,705.6742511144013
2947,706.7407648295134
2948,706.262797352163
2949,707.1449018365008
2950,705.8812850802419
2951,706.8561780311992
2952,705.6392644260029
2953,705.760658024232
2954,707.9528443735272
2955,706.7132732299949
2956,706.7124771235989
2957,708.6296135815794
2958,708.2067215338387
2959,707.6478437809783
2960,708.2320040105643
2961,708.0984691401927
2962,708.046171937934
2963,706.417830696099
2964,705.5227525713985
2965,706.1615097981177
2966,706.7086312767279
2967,707.8905143885935
2968,708.2270448899272
2969,707.5819771371715
2970,707.8589364086483
2971,707.5169271867766
2972,707.2109863361948
2973,707.5844170143175
2974,706.8359324875896
2975,707.1325651617786
2976,705.6578269701225
2977,706.1631329818515
2978,705.7047153169807
2979,706.0241441036923
2980,705.3198584941018
2981,706.8905693095597
2982,707.5238807880655
2983,705.5732284398213
2984,705.5559784222162
2985,706.6185869726014
2986,708.1006405959289
2987,707.4086926070122
2988,708.2629284951888
2989,706.7705455088325
2990,706.9613147804139
2991,709.1406480348684
2992,707.6350119718253
2993,707.5995867013994
2994,708.6473234668995
2995,708.9075343967764
2996,710.7997273197082
2997,708.6713012491039
2998,708.8988456380197
2999,708.4073809354428
3000,709.9013541588201
3001,709.7792604560221
3002,709.7861811105981
3003,709.9966237848919
3004,709.148806875286
3005,709.3346608567749
3006,708.9301538747122
3007,709.8714762158847
3008,708.9439951838643
3009,709.1790265509628
3010,710.4253700460881
3011,709.3718011870276
3012,708.6851603721375
3013,708.5898221135014
3014,709.7868776855832
3015,708.8967148509755
3016,707.2634583190479
3017,707.8484284531913
3018,707.3279914606062
3019,707.4014287123654
3020,707.4083493669415
3021,706.2980668849715
3022,706.9186488588696
3023,706.6563037594124
3024,705.3127592470977
3025,707.5883039697603
3026,705.8060853735582
3027,706.0362014505641
3028,706.0574223488827
3029,707.1150295428215
3030,706.2719266015832
3031,706.9760406646623
3032,705.2210685157089
3033,705.6316025924085
3034,706.1369086041374
3035,706.3670246811432
3036,706.4453772229951
3037,705.8204613054282
3038,706.130467614611
3039,705.8052067343392
3040,705.7456107917321
3041,706.4085386906322
3042,705.3607539688533
3043,705.3676746234293
3044,706.043332026937
3045,705.4563784371688
3046,706.7387517926722
3047,705.7579016887003
3048,706.436898500917
3049,707.2583171341771
3050,706.2810678465735
3051,705.4957486971585
3052,705.0414734595126
3053,705.4047463211177
3054,706.5368611774
3055,705.0444781910436
3056,704.6527007135887
3057,704.6098531125815
3058,704.9365806396415
3059,705.2135399111185
3060,705.5500704124521
3061,706.0203938871289
3062,705.0361992321991
3063,703.9161137759555
3064,705.8981286378194
3065,705.963163455383
3066,706.4975554293857
3067,707.3350429759624
3068,706.98058369592
3069,705.5370725120464
3070,707.457068046196
3071,706.8550413498176
3072,707.6948724983968
3073,708.7027114367523
3074,709.4602988331849
3075,708.8408286638312
3076,707.9748365014045
3077,708.9453572423477
3078,708.3765789054002
3079,708.3210017997853
3080,708.9799108616932
3081,709.5225350708346
3082,709.281016092601
3083,709.8659862267444
3084,708.7700714426818
3085,709.3524698887353
3086,708.5024230493925
3087,708.3532976981809
3088,709.1184845102931
3089,709.4550150116269
3090,709.5989410887374
3091,709.0437575868299
3092,709.5074905364244
3093,707.9538981269112
3094,709.1891503107286
3095,709.1708914025263
3096,709.31662938875
3097,707.9930219127889
3098,707.8840125568424
3099,709.0211551407142
3100,710.0688919062145
3101,709.1787290716067
3102,709.420286316186
3103,709.6307289904795
3104,706.7531343279103
3105,708.3241999856119
3106,707.641578007714
3107,707.931920832152
3108,708.2832370520168
3109,708.2901577065928
3110,706.8673670924874
3111,706.6374212273231
3112,707.1676707741007
3113,706.6193688583817
3114,708.1370343214636
3115,707.991248378961
3116,708.587659680678
3117,708.0050896881131
3118,708.0459538334954
3119,708.9887233235701
3120,709.7960789755858
3121,710.4293904540916
3122,709.8099202847378
3123,708.2677690427981
3124,709.5047275842735
3125,709.7020227333358
3126,709.8755652308406
3127,709.3269688847306
3128,709.1910533706665
3129,710.6684792482507
3130,710.0410562901952
3131,710.5887082269262
3132,710.1790499270412
3133,710.8548309207818
3134,709.2999501742345
3135,709.6324618385761
3136,709.8746746007304
3137,708.9220140059316
3138,709.2321439053472
3139,710.9515424808916
3140,710.8959653752767
3141,709.505187253779
3142,708.7411122462112
3143,709.1966500023568
3144,709.8979049892667
3145,710.3616379388612
3146,711.2378908317526
3147,710.1178053755091
3148,710.7767144374169
3149,711.3829287134075
3150,711.8571201548508
3151,712.9646463183284
3152,712.7242419613152
3153,712.9461258031823
3154,714.013535971395
3155,713.7128637839279
3156,713.3634322314749
3157,713.1795603709411
3158,713.2371728579235
3159,713.7424788696525
3160,713.7366700196208
3161,714.4960693251666
3162,713.4133020663354
3163,713.283217298377
3164,715.493578900493
3165,715.0422301931812
3166,713.4211876916946
3167,713.3615917490874
3168,714.128590470313
3169,715.3753519860619
3170,714.0808304723745
3171,714.0934116739992
3172,714.2333655229414
3173,713.5119781987289
3174,713.080084726009
3175,713.4857035126159
3176,713.7377192490441
3177,713.1424197518714
3178,713.548811401346
3179,712.0731767565896
3180,711.351789432377
3181,711.4350296584098
3182,710.8397301612374
3183,712.1911918020141
3184,710.2886695160532
3185,710.8604921249655
3186,711.02011937662
3187,712.5312589622212
3188,710.6840219187271
3189,711.6728415027238
3190,710.8856170096112
3191,710.8561159198752
3192,710.9375442367948
3193,711.3431630234018
3194,711.476171505018
3195,711.700627034975
3196,712.8768997253727
3197,712.8838203799488
3198,713.2868674784655
3199,714.2819769122135
3200,713.4275563936345
3201,713.9238624496058
3202,713.6713203244225
3203,712.4482030920992
3204,713.793251292892
3205,713.0027756834061
3206,712.9501251081253
3207,711.8115226407077
3208,712.0245370030915
3209,713.0353735918029
3210,712.466692864669
3211,712.8159528706102
3212,712.4665213181574
3213,711.7027880689428
3214,713.6545522217314
3215,713.7653076709031
3216,712.1647176799366
3217,712.3001742594101
3218,712.2803525537149
3219,710.7452702693342
3220,712.168909054343
3221,713.0610801465956
3222,712.6089585764161
3223,712.4229330484158
3224,711.6368410361333
3225,711.2278382538234
3226,711.5049211155331
3227,711.8440233049569
3228,711.002732272832
3229,713.1756632400386
3230,710.0529734956169
3231,711.6783417200611
3232,711.725378369902
3233,712.321789671619
3234,712.1379178110851
3235,712.3908300006135
3236,712.0236412159635
3237,710.5430912811144
3238,711.6807122974628
3239,710.6468168411147
3240,711.0327622250095
3241,712.3534626685228
3242,712.7590814551298
3243,712.7660021097058
3244,712.519632488981
3245,711.3597858797164
3246,711.2829646322543
3247,711.1958534665084
3248,712.1909629002563
3249,711.3625249629717
3250,710.4481914561829
3251,710.8164920453773
3252,710.31135624549
3253,708.528782807044
3254,708.0742182812559
3255,708.4671075632552
3256,708.0088134886172
3257,708.4144322752242
3258,707.6835293648168
3259,708.0649774792428
3260,708.6741182855674
3261,708.1029894605759
3262,708.1197130894257
3263,708.1365041724403
3264,708.7855428059096
3265,707.9354959665667
3266,707.5437184891117
3267,708.8464207649027
3268,709.8941575304029
3269,708.8179161490527
3270,708.3264514464759
3271,709.0111088057412
3272,708.4088654104643
3273,708.1456238579068
3274,708.5754133166948
3275,708.6734392612587
3276,707.6721428917068
3277,708.4172419535101
3278,707.2236960019789
3279,707.9347539631625
3280,705.713166544917
3281,705.9083194137019
3282,706.8369122502666
3283,706.531324772707
3284,705.3838528258061
3285,703.9413888089884
3286,703.4253354136067
3287,703.1449921464272
3288,703.2356547030413
3289,703.5372026673228
3290,702.0326056505255
3291,702.8950367321509
3292,701.9802852047383
3293,701.9630351871331
3294,701.3844840315605
3295,700.3747592473934
3296,699.7926072754524
3297,701.0091195513479
3298,700.508355961475
3299,699.9061125661979
3300,699.7262595426563
3301,700.3186520073808
3302,699.1159810406375
3303,698.4285673628796
3304,699.1466942816222
3305,697.9998664651074
3306,699.327512275947
3307,698.3457657188745
3308,698.0206284288355
3309,698.3172611030245
3310,699.0226585171595
3311,699.5406940334962
3312,698.5352552367191
3313,697.9024015144043
3314,697.4130904792939
3315,697.6108036489799
3316,698.0262254098606
3317,697.87424098248
3318,697.500344327455
3319,698.583045770398
3320,697.1526821117559
3321,698.2843789474146
3322,697.79806556266
3323,695.9263044739625
3324,696.4512838884036
3325,697.5239641889528
3326,691.2315751739915
3327,691.1956714710888
3328,688.8173586187726
3329,691.24357986128
3330,692.63632110082
3331,693.7600268713184
3332,695.1077604324669
3333,695.8700862683468
3334,695.4319906377216
3335,697.4293015500346
3336,697.4859904601938
3337,697.4263945175867
3338,698.4334304374262
3339,698.3537430714831
3340,698.566415675514
3341,699.140809972516
3342,698.6159993006949
3343,698.5100852049173
3344,700.0517100581019
3345,698.6170878617107
3346,699.6420285146885
3347,700.2041717395596
3348,699.7890266084396
3349,700.6697565331187
3350,699.6950789336053
3351,699.3033014561503
3352,699.5762418906348
3353,699.2509810103631
3354,698.8010893699208
3355,698.8080100244968
3356,699.4004024892214
3357,699.1540328684966
3358,697.236551148191
3359,697.8584214591233
3360,698.0337758657415
3361,696.8135851637524
3362,697.4724942256602
3363,697.8156152520762
3364,696.4553223981616
3365,696.9413730278022
3366,697.0607104121078
3367,696.8670355773002
3368,696.6180942684854
3369,695.6393978319796
3370,695.1479331294028
3371,694.9227774948766
3372,694.9665983262415
3373,696.1904093424854
3374,694.1873033783023
3375,694.1518781078763
3376,693.1166080918695
3377,693.2338894185222
3378,692.6068198334888
3379,693.3650627474964
3380,692.9224698474025
3381,692.0081363406134
3382,691.7744962244963
3383,690.6808113701709
3384,690.2225172955328
3385,689.830739818078
3386,691.4699973079528
3387,689.927846066013
3388,689.2660299716574
3389,690.759524762558
3390,690.9298514415868
3391,689.2202753382023
3392,689.497234609679
3393,689.774193881156
3394,690.100566565972
3395,690.3727341375891
3396,691.6974534180946
3397,691.0622560937774
3398,689.970627297105
3399,690.2475865685819
3400,690.8439978702987
3401,691.5792265036636
3402,689.9849263624482
3403,690.5947212171261
3404,690.4570370334881
3405,691.234953350208
3406,690.4995531703316
3407,689.7596488349451
3408,690.7547582686931
3409,692.8815015590038
3410,691.2937272952692
3411,689.7771736367318
3412,689.5889181789945
3413,689.950692890708
3414,690.6558266712018
3415,689.3322191952404
3416,689.4495005218931
3417,687.3483715063072
3418,688.546584939149
3419,688.130636789513
3420,687.4855690367572
3421,688.2898859553952
3422,688.2544606849692
3423,688.0926058291501
3424,688.0321134334425
3425,688.3346702883215
3426,687.6283560707191
3427,687.2215054866539
3428,688.1431544251141
3429,687.938953644293
3430,687.4056734748347
3431,686.302336360191
3432,686.8750554222034
3433,688.3983814323341
3434,687.491116883104
3435,686.8460491303483
3436,687.2278506177963
3437,687.5951423163937
3438,685.2960755658683
3439,687.7879169524584
3440,686.2041926483845
3441,683.3679350202196
3442,683.7412167281794
3443,686.2715087930123
3444,685.2385097897644
3445,687.064540957757
3446,689.4731188747859
3447,688.0366766484714
3448,690.5837170549041
3449,691.2667967889931
3450,691.8268233880877
3451,691.1899508287809
3452,692.3639935894415
3453,690.6302468138759
3454,692.6903430307292
3455,692.1988783281523
3456,693.036365874729
3457,691.214373041615
3458,691.6955083811628
3459,691.3829770054987
3460,692.0586344090065
3461,692.5479950976514
3462,691.78970759665
3463,691.3573961033064
3464,691.6369270628733
3465,690.3238954240534
3466,691.2626460771356
3467,693.0715755305062
3468,693.138067414939
3469,689.3875599353668
3470,692.4067589691183
3471,690.8879753808436
3472,691.477442784456
3473,689.9736186305262
3474,691.4374970010326
3475,691.4316881510009
3476,692.5656149163967
3477,690.8824394149303
3478,690.8387887954071
3479,691.1157480668838
3480,691.7248888732084
3481,691.6767340981747
3482,691.09416410561
3483,690.3991773833155
3484,691.0719082564893
3485,690.783162555114
3486,690.5122042415843
3487,690.2740298143084
3488,689.9926130089299
3489,690.6200526583083
3490,690.3978537097645
3491,690.0060762323095
3492,689.0006374355328
3493,688.9352573556441
3494,688.1662670579839
3495,688.95890163907
3496,687.8893874569255
3497,687.2300194604272
3498,688.4812782456451
3499,687.5665267182325
3500,687.3274558378561
3501,689.4064224389055
3502,686.7763951926721
3503,686.4507794701564
3504,686.1214997528924
3505,685.2304404651842
3506,686.1922053989094
3507,685.2355259671184
3508,686.3694527325141
3509,686.965864034231
3510,684.8174738035506
3511,686.3774851916345
3512,685.8614317962528
3513,685.1122932211717
3514,686.6017691750802
3515,686.6328605018374
3516,685.9212761518984
3517,684.1587309584086
3518,685.7323683042006
3519,685.2535043737498
3520,686.6834090978016
3521,687.352121133983
3522,685.8839088198077
3523,684.7601291126113
3524,685.518725399641
3525,684.6709084900353
3526,685.4291514040428
3527,684.7014981407873
3528,685.9052809120751
3529,684.0466027010076
3530,680.8358176129931
3531,681.3055117849674
3532,682.7329684111617
3533,682.3128778343006
3534,684.3591522398881
3535,686.5316651864708
3536,686.333251912216
3537,686.8678850561971
3538,688.4042042045766
3539,688.0789433243049
3540,689.2529860849654
3541,689.2599067395415
3542,689.1337941997513
3543,689.7726750167029
3544,690.7257933676927
3545,689.442893623434
3546,691.2930954636074
3547,690.3167426291042
3548,691.5529283077119
3549,691.559848962288
3550,692.4215071810459
3551,691.5978609436212
3552,692.1464093334525
3553,691.2553500457443
3554,692.3387055370407
3555,693.0810031279643
3556,692.277030293252
3557,691.9277223310319
3558,691.9971407457988
3559,692.1401703698089
3560,691.7912172498327
3561,690.5705481153668
3562,691.2102017951862
3563,691.2367958524745
3564,690.9909046642264
3565,689.6104599751228
3566,689.6173806296989
3567,690.0233542585497
3568,689.277796262156
3569,689.0555973136123
3570,689.1220891980453
3571,689.6478414753542
3572,687.7140610589424
3573,688.6563922907122
3574,686.5360679789724
3575,687.6458240721868
3576,686.9486074201554
3577,686.8890114775483
3578,686.8959321321242
3579,685.9146640075285
3580,683.2878525797713
3581,683.6510018511434
3582,685.3923000861099
3583,685.1113013013552
3584,683.9009135736397
3585,682.2824427602433
3586,683.2458945436273
3587,681.9697630815962
3588,681.061602079266
3589,681.7303141154474
3590,680.4771954648376
3591,680.7728069523902
3592,681.3963154566223
3593,682.9252122744206
3594,684.2982728992883
3595,684.5364668244505
3596,685.9204039617908
3597,685.6389871564124
3598,684.5330581159975
3599,684.4537887706782
3600,685.5613149341558
3601,685.5924062609128
3602,685.2917340734458
3603,685.8786397069355
3604,686.0118663566719
3605,685.3540690993084
3606,686.9235640178755
3607,686.5359289676455
3608,687.4845500491664
3609,687.8802984073349
3610,686.8888724662214
3611,685.96962366934
3612,686.0545020886725
3613,684.7783706266415
3614,685.233908382787
3615,686.1625012193518
3616,685.248167712563
3617,685.3714968101382
3618,684.0952417578743
3619,683.9113698973405
3620,685.7344745349988
3621,685.2280503980772
3622,685.294188909488
3623,684.4236994775925
3624,686.056011600141
3625,684.9359261438974
3626,684.8141872833432
3627,685.0246299576369
3628,684.5927364849169
3629,685.4967406286769
3630,683.8782698152803
3631,683.8851904698564
3632,683.9515587640566
3633,685.1922417121332
3634,684.3002669684121
3635,684.7457835821638
3636,684.4529256092119
3637,684.4471167591803
3638,684.5332835155472
3639,684.0026887064445
3640,684.9414393595268
3641,684.8621700142073
3642,684.4644683560626
3643,683.7029650365849
3644,684.8602594556457
3645,684.01244254604
3646,681.4874959215792
3647,681.8951707658393
3648,682.2547140785942
3649,682.8229358711377
3650,683.4329731305628
3651,683.0979092760175
3652,684.8336381725379
3653,684.7583876642108
3654,685.9156820832716
3655,687.4460770509611
3656,686.2858755994525
3657,685.3540223574178
3658,687.2391463227905
3659,685.9630148607595
3660,687.0404091296759
3661,686.3711707047389
3662,688.5960235949954
3663,686.325564374267
3664,687.0366223354506
3665,685.3935628292492
3666,687.8188876186562
3667,687.9869843679479
3668,687.3916848707754
3669,687.1950835056338
3670,686.6174288031615
3671,687.2216543193936
3672,687.4617134140815
3673,685.9820599323328
3674,686.4256410467384
3675,684.4076992384433
3676,685.3117033822033
3677,685.699919778857
3678,686.0049808676613
3679,683.7369050971886
3680,685.2234559899849
3681,684.1637146264659
3682,685.2593143038516
3683,684.280617867346
3684,683.888840389891
3685,683.3549061720794
3686,683.3372381338506
3687,683.7143026510731
3688,682.1795737397146
3689,682.8927853683646
3690,681.4749100443516
3691,682.5325172382906
3692,681.5014808581114
3693,680.3214824136579
3694,681.8774749647497
3695,681.4359292317116
3696,681.1728112693867
3697,681.0756611016375
3698,680.1180852167461
3699,678.1154576850396
3700,677.7227837544843
3701,677.827579725069
3702,678.4065009449865
3703,678.6667118748636
3704,680.393055817734
3705,680.4587763085211
3706,681.2414196774993
3707,681.7643704839285
3708,680.5777684305017
3709,682.3253565152194
3710,683.2011711498061
3711,682.8759102695342
3712,682.1047546897383
3713,681.5102280554335
3714,682.0155340671624
3715,680.859351452646
3716,680.6754795921121
3717,683.9183524807701
3718,680.8504969959797
3719,679.9603341613719
3720,680.5123696953063
3721,677.6363509141206
3722,675.9695689120102
3723,674.729997768478
3724,673.7156826061762
3725,672.9532828335982
3726,667.5721914852093
3727,666.9013754350959
3728,665.0571745528694
3729,663.4474595466908
3730,661.9249817074634
3731,659.9867040215829
3732,657.319358577937
3733,655.6598753161752
3734,654.2039140741308
3735,651.3497949523671
3736,650.4793055204716
3737,650.0875280430166
3738,647.3645835976819
3739,648.1663288282298
3740,644.6188649358985
3741,644.1693281377001
3742,644.235820022133
3743,642.0781955517581
3744,642.085116206334
3745,641.2408535042728
3746,641.5094668683453
3747,639.4095950671255
3748,640.4218062154954
3749,638.8576379688411
3750,637.7639531145156
3751,635.2647276636899
3752,635.2843778228735
3753,635.0636057855509
3754,633.0719409889412
3755,632.8255713682164
3756,631.9354085336086
3757,632.1627231397349
3758,630.8945444664056
3759,628.8276072653949
3760,628.7738420688934
3761,629.3066633037612
3762,629.093464310975
3763,628.6019996083983
3764,629.9222820312878
3765,628.752428319461
3766,629.0791558465212
3767,627.4908169276856
3768,627.6885300973717
3769,628.0447340014175
3770,627.872303308457
3771,626.9323722182661
3772,627.4336593930027
3773,624.6033259455279
3774,623.6911461062053
3775,623.3681151556706
3776,623.3947092129588
3777,624.015291186857
3778,622.6013814394237
3779,621.0636137946875
3780,619.42097230911
3781,618.0494084866789
3782,616.9921453766656
3783,615.1207376609905
3784,614.4756699082346
3785,613.3683139565987
3786,612.8592044593216
3787,612.5266448387014
3788,611.5147663870679
3789,612.9853719567803
3790,611.2132980932049
3791,613.2555793163011
3792,612.4162319043323
3793,614.3749414244471
3794,614.3267866494135
3795,615.102254868276
3796,616.3604575515983
3797,617.981957809276
3798,616.8549269857061
3799,619.4338548252922
3800,619.728340076955
3801,621.5961852426072
3802,622.45002924685
3803,623.4411198436057
3804,625.0360013312447
3805,625.5900667079596
3806,627.0346896963777
3807,628.426049164299
3808,629.3788126730451
3809,630.8653620966195
3810,634.3631606473145
3811,636.1051540136565
3812,634.3643960420919
3813,637.594539426142
3814,638.7805649652327
3815,638.9085457192592
3816,642.2882092316161
3817,640.9744047299287
3818,642.0285549354129
3819,642.998720834112
3820,643.9672114978214
3821,643.8320990022735
3822,645.9152080305479
3823,645.7763659861498
3824,647.156284286498
3825,646.3564538790106
3826,647.2203420275055
3827,647.0524717823938
3828,647.8997623032442
3829,648.2679504549418
3830,649.7254716778025
3831,650.0887445394073
3832,649.8848444339174
3833,648.2504282974372
3834,650.3856862249872
3835,649.1773547111952
3836,651.0929765661086
3837,649.9833463886994
3838,649.519716353052
3839,649.6794671949392
3840,648.8554661152708
3841,649.1347789067173
3842,649.6646736112513
3843,649.2113249823542
3844,650.058111416227
3845,648.5032306696795
3846,648.3016015769484
3847,646.7136737926953
3848,647.6615220113483
3849,646.6104573862133
3850,646.2072950335232
3851,646.8080899324436
3852,648.3788007479014
3853,644.8908824309262
3854,645.530566266394
3855,646.1820529977207
3856,645.5794547601996
3857,645.5646459544104
3858,644.0141488050664
3859,643.5153853621412
3860,642.4217005078157
3861,642.2250991426741
3862,642.9220006880289
3863,640.7097121570797
3864,640.3157923993473
3865,639.3301972043395
3866,636.5635825561953
3867,636.5543169521621
3868,636.0386815774041
3869,636.0697729041614
3870,633.6814101224683
3871,632.8328203499949
3872,632.9308462945589
3873,630.3198596315785
3874,629.3981339498567
3875,628.5653124153688
3876,628.0247335055623
3877,626.5492224510384
3878,624.7562019079327
3879,623.8581972528981
3880,624.2708849970642
3881,623.1870031170124
3882,622.3210109545857
3883,623.1052996282676
3884,621.0797847754359
3885,620.3876571293106
3886,618.3788906180789
3887,617.5303008456053
3888,617.4133636028783
3889,615.7915482385242
3890,615.9111830851466
3891,614.0394219964492
3892,613.3370129435735
3893,613.0738949812489
3894,611.1488703720551
3895,610.7497941542517
3896,610.967983745166
3897,609.9118531159827
3898,608.460807164031
3899,605.1856180632777
3900,603.4399448016205
3901,603.3803488590135
3902,602.3566487430617
3903,603.3493100789523
3904,603.2483483149575
3905,602.1546634606322
3906,599.0678239193802
3907,599.7683060434225
3908,598.2094064598829
3909,597.9872075113393
3910,596.7492184941309
3911,596.5225222761184
3912,594.580513297595
3913,593.6831641601357
3914,592.2076531056118
3915,593.0119700242499
3916,592.0585365665836
3917,592.7726446483339
3918,590.5355299276283
3919,590.1448561440205
3920,587.4797817131335
3921,587.5956884801275
3922,583.5316228948005
3923,583.5312448090282
3924,583.3543168465989
3925,582.5106423642179
3926,581.0931318004164
3927,581.8777753163421
3928,580.3228945697948
3929,579.2313633829357
3930,579.5343684140869
3931,578.6192620444303
3932,576.9734047403765
3933,576.1840328247379
3934,576.2407217348971
3935,574.4195319202992
3936,574.1604327949666
3937,573.706522317532
3938,573.1767305269452
3939,570.9077283730863
3940,569.6731699731896
3941,570.6642605699454
3942,567.9633896561168
3943,567.139867008925
3944,564.7243245175059
3945,562.3962295662668
3946,560.9418188256763
3947,562.9728290802558
3948,561.168481041842
3949,561.0740451553281
3950,560.3026714074118
3951,560.5289388464824
3952,560.1464602563236
3953,558.2081825704431
3954,557.5631148176873
3955,556.0126176683434
3956,555.5459776863011
3957,555.088486630179
3958,554.1402096325836
3959,551.9122199270902
3960,552.7033893204967
3961,550.1734673200091
3962,548.2107748134076
3963,544.7825784402446
3964,546.4223775409758
3965,547.4353677971537
3966,546.4205742023753
3967,544.0680079036239
3968,543.6181162631815
3969,542.5836492656907
3970,541.5561261663045
3971,541.2432399483965
3972,540.5724238982832
3973,540.2182006459705
3974,538.8719983792118
3975,536.939196597193
3976,536.8259837610673
3977,535.3709189721234
3978,534.380296049526
3979,533.7849965523535
3980,531.9409192603598
3981,531.5657394105493
3982,527.0479054058304
3983,526.4343105039811
3984,527.5613593562153
3985,527.2982413938906
3986,525.8390005744087
3987,526.5063120705122
3988,524.5680343846318
3989,522.6728409946678
3990,523.1348185619404
3991,523.6564249643594
3992,521.0582851512794
3993,520.32905600664
3994,518.9820808770138
3995,518.5693900886914
3996,517.0689035996777
3997,515.5184324307533
3998,516.7456181536033
3999,514.933428294763
4000,514.2047422302019
4001,512.027200208575
4002,510.875401191262
4003,509.05639102454984
4004,510.65887192786863
4005,512.6471828844238
4006,516.440532515489
4007,525.3750641637221
4008,779.1000870835701
4009,940.8946524239597
4010,909.7177546577122
4011,793.989917491997
4012,734.9452940837891
4013,689.3412287717675
4014,581.7966527523283
4015,558.1739382675148
4016,497.38455197537417
4017,451.02103149819493
4018,506.2585882922036
4019,501.5133977295014
4020,464.41189051497713
4021,432.2922489629592
4022,416.6516409177765
4023,402.138641426361
4024,424.13912286502114
4025,378.7861262343235
4026,330.073258628845
4027,311.2807094855041
4028,301.4760967453081
4029,273.5735435461161
4030,260.3046116141152
4031,251.6659448331537
4032,245.11325522207488
4033,228.93108743452095
4034,174.11936700762686
4035,140.47805566254365
4036,46.7568517490748
4037,13.437802978244502
4038,7.507180009796215
4039,5.294263410912933
4040,4.3036679379567175
4041,1.2451113404625573
4042,-1.6888705638367867
4043,-3.6468216524295443
4044,-2.856393999222348
4045,-2.6176382255225583
4046,-4.5698051768337855
4047,-5.884943155157906
4048,-6.638100567231298
4049,-7.0949361057782525
4050,-9.152639067094366
4051,-9.394380942076033
4052,-11.717330820433098
4053,-9.541237295162809
4054,-10.968045277038833
4055,-13.973403001638083
4056,-13.678144887107646
4057,-14.115725043566108
4058,-16.050067308515235
4059,-18.73865689400827
4060,-18.44831406957048
4061,-19.117074062030646
4062,-20.77782350253461
4063,-22.460999004000975
4064,-23.182386328213504
4065,-23.058665346704394
4066,-24.505652287492047
4067,-25.15258520977353
4068,-24.6980946206837
4069,-24.57786078327764
4070,-25.266721609937544
4071,-26.41753810779614
4072,-25.75605735779819
4073,-25.815653300405238
4074,-27.39914157674965
4075,-27.560654674215666
4076,-27.0954646577518
4077,-27.130889928177776
4078,-28.098145197109964
4079,-27.783631700491036
4080,-28.427803000146433
4081,-28.359281038479786
4082,-27.379872779276006
4083,-27.864811604372033
4084,-28.754974438979826
4085,-28.12753478960152
4086,-28.545957017514393
4087,-30.009541585946433
4088,-29.7616682767434
4089,-29.110475975807585
4090,-30.895038174012306
4091,-30.944980387079532
4092,-31.857160226402023
4093,-32.127700519307965
4094,-32.403193143996546
4095,-33.0522797337445
4096,-32.41136883955912
4097,-33.179816057141295
4098,-33.49019523456064
4099,-33.48327457998462
4100,-32.51185738594116
4101,-32.883961460683786
4102,-34.64149391053828
4103,-33.45745713120627
4104,-32.80584680964682
4105,-33.78017103613806
4106,-34.92314571357008
4107,-33.55975758670159
4108,-35.704128980389825
4109,-34.737627076438955
4110,-34.65080627171871
4111,-36.00001133108198
4112,-34.35693232699445
4113,-35.51517115543429
4114,-35.01877166487863
4115,-35.51515165754812
4116,-35.525332717594154
4117,-36.35389424511146
4118,-37.058056264469144
4119,-36.430616615090855
4120,-35.502441799149835
4121,-35.89421927660476
4122,-37.70348260511115
4123,-37.55774461888731
4124,-37.5190538764506
4125,-36.896529517164865
4126,-37.82903827677474
4127,-37.657360948795684
4128,-37.58392369703651
4129,-37.51036285504452
4130,-39.580403437034505
4131,-38.997813946583435
4132,-38.87725552313802
4133,-36.83017635524183
4134,-37.9004935559022
4135,-37.47070409711404
4136,-39.307482648759304
4137,-39.83783628788359
4138,-39.44610676670736
4139,-40.20984001592193
4140,-39.49171309717936
4141,-39.54401029943803
4142,-39.68139380774487
4143,-39.450268840141746
4144,-39.321632568540025
4145,-40.04301989275264
4146,-40.667935810319534
4147,-40.661015155743485
4148,-41.513623765209104
4149,-40.76852470340583
4150,-41.70037794544062
4151,-41.69345729086457
4152,-42.10725177303422
4153,-40.588689856851914
4154,-40.96079393159462
4155,-41.52596153420615
4156,-41.12034274759915
4157,-41.358935195498844
4158,-41.25446959607828
4159,-42.541176895250615
4160,-41.04189796706842
4161,-42.66036878046485
4162,-42.25474999385786
4163,-43.37302354098817
4164,-42.79862924398594
4165,-43.11517945664221
4166,-42.80848017453832
4167,-41.31900422062972
4168,-41.56939267834679
4169,-42.42778542509383
4170,-43.01035541765869
4171,-44.32123338901218
4172,-42.934016348315666
4173,-42.42613864849659
4174,-43.89435096267189
4175,-42.935147799069455
4176,-43.24073527662898
4177,-42.85478989273426
4178,-44.36352933675667
4179,-43.511674092272486
4180,-43.78173595270174
4181,-43.56434938030354
4182,-44.0379332604504
4183,-44.36062245263204
4184,-44.93046294058922
4185,-44.628678948577914
4186,-45.68626664463058
4187,-44.73350313588469
4188,-44.292901812225566
4189,-45.53684516577225
4190,-44.90982353701763
4191,-43.961202455496775
4192,-44.766967870491456
4193,-43.548184581837035
4194,-45.590297062313184
4195,-45.707652325663915
4196,-46.3694684200196
4197,-45.43613714400756
4198,-45.52032177941949
4199,-45.29199828269596
4200,-45.477682052343056
4201,-45.67428341748467
4202,-44.65902214854785
4203,-45.51741489529492
4204,-45.52193540829232
4205,-46.11723490546488
4206,-46.265009607725915
4207,-46.58612806077272
4208,-47.149024650625336
4209,-45.77890932455091
4210,-45.397879230748714
4211,-46.04696582049678
4212,-45.99769924091868
4213,-46.39349555536583
4214,-47.09071220739729
4215,-46.058048548507216
4216,-44.93392475738521
4217,-45.80801867867637
4218,-46.85154339348469
4219,-46.322066709574635
4220,-46.388606550286305
4221,-47.51703791393411
4222,-46.84832587775258
4223,-46.38020933095461
4224,-45.8920050338478
4225,-46.787083158548235
4226,-47.84467085460087
4227,-47.12654393585827
4228,-47.298974628818726
4229,-46.95987243939486
4230,-46.669529614957035
4231,-47.70294663882851
4232,-47.703448314833686
4233,-48.32244005171069
4234,-48.20515872505811
4235,-47.23116984292453
4236,-47.831384630189675
4237,-47.51195584347808
4238,-46.56962461170837
4239,-47.087489916203346
4240,-47.67005990876823
4241,-47.86666127390979
4242,-46.606304923120945
4243,-47.18887491568577
4244,-47.621924779943974
4245,-46.631252203812
4246,-48.298482382194415
4247,-47.7298755917585
4248,-48.91424771544822
4249,-47.460172319215445
4250,-47.390753904448445
4251,-47.428450187633416
4252,-48.43388898441038
4253,-48.49055839668343
4254,-49.01934129667284
4255,-48.52740891993763
4256,-47.623404776177736
4257,-48.21870427335027
4258,-49.93972154430819
4259,-48.31721239603332
4260,-49.406923552968856
4261,-49.68095911078803
4262,-49.461418870923424
4263,-47.91931558526244
4264,-48.1513175080798
4265,-48.758058172825784
4266,-49.23309911984208
4267,-49.6870095972767
4268,-49.656396702996204
4269,-49.56280761604813
4270,-47.362125397973045
4271,-49.02935557635546
4272,-48.125351432595565
4273,-49.106619557191394
4274,-49.03318230543219
4275,-48.63235521868502
4276,-48.95012912077402
4277,-48.15240272721839
4278,-48.001295255052014
4279,-48.446859825082385
4280,-49.52459935632392
4281,-49.599485104439836
4282,-49.498952119387226
4283,-48.178605048896046
4284,-48.57038252635097
4285,-47.628051294581255
4286,-47.49434621236813
4287,-49.45498266131642
4288,-47.56680857537691
4289,-49.455736026297856
4290,-48.47451585798072
4291,-49.44189471714576
4292,-49.845113362174104
4293,-47.976612678946836
4294,-49.4073943582127
4295,-49.98277180298569
4296,-49.91383182069541
4297,-48.510545866682236
4298,-50.06741537298818
4299,-49.23687172451595
4300,-50.06051796194062
4301,-50.05001672867718
4302,-50.251645821408204
4303,-49.208824346000554
4304,-49.61770353807759
4305,-49.3583890613011
4306,-49.75418537574825
4307,-50.31151115793317
4308,-50.483941850893615
4309,-50.144839661469746
4310,-49.178337757518904
4311,-50.29842321376249
4312,-49.0520797186372
4313,-49.52017676754899
4314,-49.34919457094523
4315,-49.91775170784649
4316,-50.74618964513101
4317,-48.99940457892936
4318,-48.605644980519486
4319,-49.07538022273103
4320,-48.68943483883626
4321,-49.877084059318804
4322,-49.81496438490025
4323,-49.639268219929015
4324,-50.22183821249388
